id,media_type,media_url,timestamp,like_count,comments_count,children
18328677214082623,VIDEO,https://scontent-dfw5-2.cdninstagram.com/o1/v/t2/f2/m86/AQNW0gIBxs0HSmZTNNgWz3MmxYalpS1jrvjBPZscMzenD-hFgGQO5O-33ublSbjNqhn7e5WFFjwoiGdOFyPWDtTm70ZUz4wY8eA_daM.mp4?_nc_cat=107&_nc_sid=5e9851&_nc_ht=scontent-dfw5-2.cdninstagram.com&_nc_ohc=rIJLA-VzacoQ7kNvgHtT5id&efg=eyJ2ZW5jb2RlX3RhZyI6Inhwdl9wcm9ncmVzc2l2ZS5JTlNUQUdSQU0uQ0xJUFMuQzMuNzIwLmRhc2hfYmFzZWxpbmVfMV92MSIsInhwdl9hc3NldF9pZCI6MTU0MzE4OTI4NjM4NDE2MiwidmlfdXNlY2FzZV9pZCI6MTAwOTksImR1cmF0aW9uX3MiOjM5LCJ1cmxnZW5fc291cmNlIjoid3d3In0%3D&ccb=17-1&vs=ef7b729d86419789&_nc_vs=HBksFQIYUmlnX3hwdl9yZWVsc19wZXJtYW5lbnRfc3JfcHJvZC81RDRGNTNDOTBBQ0U1OTMwN0M3QjA5NzQ5N0VDNERBN192aWRlb19kYXNoaW5pdC5tcDQVAALIAQAVAhg6cGFzc3Rocm91Z2hfZXZlcnN0b3JlL0dJQmlUUnpfNncxMkNDUUNBSzRvYWNRZld5ZENicV9FQUFBRhUCAsgBACgAGAAbAogHdXNlX29pbAExEnByb2dyZXNzaXZlX3JlY2lwZQExFQAAJsTI45O44b0FFQIoAkMzLBdAQ7dsi0OVgRgSZGFzaF9iYXNlbGluZV8xX3YxEQB1_gcA&_nc_zt=28&oh=00_AYHe9WoXw4z-z16x-FYGVFg-IW0INm5Ta1qymwCrFqjyaw&oe=67D54838,2025-01-25 20:18:39+00:00,66,0,
18091596307524170,VIDEO,https://scontent-dfw5-2.cdninstagram.com/o1/v/t2/f2/m86/AQNjvxvGA0ho6wMavnxy6KFoh1rmhYPVL69mbnwF7t336ryh5yApZeYf3l-SqHVc-L9xN_wtHGN6PvHgMTkQgCwx2STtXr5Py6WTxMU.mp4?_nc_cat=108&_nc_sid=5e9851&_nc_ht=scontent-dfw5-2.cdninstagram.com&_nc_ohc=PxV9WokyT4gQ7kNvgElqjzl&efg=eyJ2ZW5jb2RlX3RhZyI6Inhwdl9wcm9ncmVzc2l2ZS5JTlNUQUdSQU0uQ0xJUFMuQzMuNzIwLmRhc2hfYmFzZWxpbmVfMV92MSIsInhwdl9hc3NldF9pZCI6NTkxNTU2NzgzODAxNjUwLCJ2aV91c2VjYXNlX2lkIjoxMDA5OSwiZHVyYXRpb25fcyI6MTAsInVybGdlbl9zb3VyY2UiOiJ3d3cifQ%3D%3D&ccb=17-1&vs=6dbfc1cc008b32e8&_nc_vs=HBksFQIYUmlnX3hwdl9yZWVsc19wZXJtYW5lbnRfc3JfcHJvZC8yMjRERDc4ODhCMjUyN0FCRUQ2RTgwRkMyNTUwQjc4NV92aWRlb19kYXNoaW5pdC5tcDQVAALIAQAVAhg6cGFzc3Rocm91Z2hfZXZlcnN0b3JlL0dERVJPeHk1U0FkQ253Y0hBTmw2YjVUNmFoeGticV9FQUFBRhUCAsgBACgAGAAbAogHdXNlX29pbAExEnByb2dyZXNzaXZlX3JlY2lwZQExFQAAJuSUtL-RgY0CFQIoAkMzLBdAJUQYk3S8ahgSZGFzaF9iYXNlbGluZV8xX3YxEQB1_gcA&_nc_zt=28&oh=00_AYEi97me743U1Z2fYDXjyvjfb1kz60SUfMCXhUK9vrdXQg&oe=67D53955,2025-01-13 11:05:36+00:00,53,0,
18074002492725429,VIDEO,https://scontent-dfw5-2.cdninstagram.com/o1/v/t2/f2/m86/AQM-aP9Kg94eHt5wRAUpi61sTpqTe-7f17WV3hjD7qzCwu8UGkwA3mwAKqid12nUuK5or-fMLFu1PQpDKqrmtXck78n_2XV8LoC5h2Y.mp4?_nc_cat=107&_nc_sid=5e9851&_nc_ht=scontent-dfw5-2.cdninstagram.com&_nc_ohc=xEc_a8GNCMwQ7kNvgHVW3xL&efg=eyJ2ZW5jb2RlX3RhZyI6Inhwdl9wcm9ncmVzc2l2ZS5JTlNUQUdSQU0uQ0xJUFMuQzMuNzIwLmRhc2hfYmFzZWxpbmVfMV92MSIsInhwdl9hc3NldF9pZCI6MTQxOTg2OTg0ODk4Njk3MywidmlfdXNlY2FzZV9pZCI6MTAwOTksImR1cmF0aW9uX3MiOjksInVybGdlbl9zb3VyY2UiOiJ3d3cifQ%3D%3D&ccb=17-1&vs=4b36419f2902778&_nc_vs=HBksFQIYUmlnX3hwdl9yZWVsc19wZXJtYW5lbnRfc3JfcHJvZC8wQjREQURCRDMzMzQ4MTE0RkFFQjIxNTQxMDMyQjBBNV92aWRlb19kYXNoaW5pdC5tcDQVAALIAQAVAhg6cGFzc3Rocm91Z2hfZXZlcnN0b3JlL0dPM2JLQncxUV9YZnRnNEdBTUhJc2wzbmhCdy1icV9FQUFBRhUCAsgBACgAGAAbAogHdXNlX29pbAExEnByb2dyZXNzaXZlX3JlY2lwZQExFQAAJrqVz9-m14UFFQIoAkMzLBdAI3dLxqfvnhgSZGFzaF9iYXNlbGluZV8xX3YxEQB1_gcA&_nc_zt=28&oh=00_AYEDzd-4NuwLCLQbQ1EE8REulCNO-fW2mNcfYfxHvL1-5A&oe=67D544AC,2025-01-08 11:05:38+00:00,6,0,
18053773723997186,VIDEO,https://scontent-dfw5-1.cdninstagram.com/o1/v/t2/f2/m86/AQPCFasquJPGFVTQd_asXCP2R06-z3T5uaW6_g5J7XBXbdJEjFg1oe5zYIDIGoIaLv-XrvqGNCzpvlfnNG2XZ9BV6ACEfmcnzS-bF_w.mp4?_nc_cat=105&_nc_sid=5e9851&_nc_ht=scontent-dfw5-1.cdninstagram.com&_nc_ohc=EpQZZPRFmAYQ7kNvgF8b1Ib&efg=eyJ2ZW5jb2RlX3RhZyI6Inhwdl9wcm9ncmVzc2l2ZS5JTlNUQUdSQU0uQ0xJUFMuQzMuNzIwLmRhc2hfYmFzZWxpbmVfMV92MSIsInhwdl9hc3NldF9pZCI6OTQ3MDgzNTk3Mzc2NTM1LCJ2aV91c2VjYXNlX2lkIjoxMDA5OSwiZHVyYXRpb25fcyI6OCwidXJsZ2VuX3NvdXJjZSI6Ind3dyJ9&ccb=17-1&vs=be5d9088ca96b581&_nc_vs=HBksFQIYUmlnX3hwdl9yZWVsc19wZXJtYW5lbnRfc3JfcHJvZC83MjRBMTBEQUY2MkZEMkJBMzg4RDZFMTQ0MTRGRUU5Nl92aWRlb19kYXNoaW5pdC5tcDQVAALIAQAVAhg6cGFzc3Rocm91Z2hfZXZlcnN0b3JlL0dLS0VHeHl2RGVwcXEzb0VBREhSR2t2SWN4Z2picV9FQUFBRhUCAsgBACgAGAAbAogHdXNlX29pbAExEnByb2dyZXNzaXZlX3JlY2lwZQExFQAAJq6wp9bC164DFQIoAkMzLBdAIDMzMzMzMxgSZGFzaF9iYXNlbGluZV8xX3YxEQB1_gcA&_nc_zt=28&oh=00_AYEeDhxsL0MJLB0n6ojEIAK2nilLso_FIbARwhnfBlwUKA&oe=67D540D6,2024-12-28 22:34:27+00:00,1,0,
17878630386230011,VIDEO,https://scontent-dfw5-1.cdninstagram.com/o1/v/t2/f2/m86/AQNKfLDKOiqvZsYH83rsySuqeDGjEyJ0d3wKZB9g9ME0oOzMmci-twkTOxw8W47hqiKzqb51mbVXR-A-s13e24AalxoUcwL0k1WEhHk.mp4?_nc_cat=101&_nc_sid=5e9851&_nc_ht=scontent-dfw5-1.cdninstagram.com&_nc_ohc=JZMZZhZ5XbQQ7kNvgH0a1he&efg=eyJ2ZW5jb2RlX3RhZyI6Inhwdl9wcm9ncmVzc2l2ZS5JTlNUQUdSQU0uQ0xJUFMuQzMuNzIwLmRhc2hfYmFzZWxpbmVfMV92MSIsInhwdl9hc3NldF9pZCI6MTEwMTIzNTExNTEyMjM0OSwidmlfdXNlY2FzZV9pZCI6MTAwOTksImR1cmF0aW9uX3MiOjIyLCJ1cmxnZW5fc291cmNlIjoid3d3In0%3D&ccb=17-1&vs=9be4eb30b1492d8&_nc_vs=HBksFQIYUmlnX3hwdl9yZWVsc19wZXJtYW5lbnRfc3JfcHJvZC9CRjQzNEY5OTg3ODkyMzgxQTlFQUU4NUY4RDBDMTU4NV92aWRlb19kYXNoaW5pdC5tcDQVAALIAQAVAhg6cGFzc3Rocm91Z2hfZXZlcnN0b3JlL0dKRDhGUncxVkpKSHF4d0VBQm12MWlVYWlEUjNicV9FQUFBRhUCAsgBACgAGAAbAogHdXNlX29pbAExEnByb2dyZXNzaXZlX3JlY2lwZQExFQAAJtr6zv2o5PQDFQIoAkMzLBdANqIMSbpeNRgSZGFzaF9iYXNlbGluZV8xX3YxEQB1_gcA&_nc_zt=28&oh=00_AYG_gSETm-fRBzm7FmuI6ObKvJwQ5d6HmpYTeFpzFPVWKg&oe=67D55DE6,2024-12-19 23:02:58+00:00,55,0,
18056626442310876,VIDEO,https://scontent-dfw5-2.cdninstagram.com/o1/v/t2/f2/m86/AQO6oRaa73fKgYSgs_S56NN_c81DxMeYVrYxO-BjipWgCs5JGpgZSTuWEtqZf6AqqWPhb96g7O-aK_IvfkFC60RHJph7VgbLkfFwKXM.mp4?_nc_cat=108&_nc_sid=5e9851&_nc_ht=scontent-dfw5-2.cdninstagram.com&_nc_ohc=l-vvbm9Ow0sQ7kNvgEYvWM8&efg=eyJ2ZW5jb2RlX3RhZyI6Inhwdl9wcm9ncmVzc2l2ZS5JTlNUQUdSQU0uQ0xJUFMuQzMuNzIwLmRhc2hfYmFzZWxpbmVfMV92MSIsInhwdl9hc3NldF9pZCI6NTk4MTg3MTU5MzcwNDIxLCJ2aV91c2VjYXNlX2lkIjoxMDA5OSwiZHVyYXRpb25fcyI6MTUsInVybGdlbl9zb3VyY2UiOiJ3d3cifQ%3D%3D&ccb=17-1&vs=f6aa08032d04a232&_nc_vs=HBksFQIYUmlnX3hwdl9yZWVsc19wZXJtYW5lbnRfc3JfcHJvZC8xMDRBMjAzRjJCRDkyRUI5ODBGRjdGMTM3REVBRTU4Rl92aWRlb19kYXNoaW5pdC5tcDQVAALIAQAVAhg6cGFzc3Rocm91Z2hfZXZlcnN0b3JlL0dDdWtCUnpNcXQ0M3JlY0JBTFdoeTdVd042SmxicV9FQUFBRhUCAsgBACgAGAAbAogHdXNlX29pbAExEnByb2dyZXNzaXZlX3JlY2lwZQExFQAAJurqpdKJg5ACFQIoAkMzLBdALjMzMzMzMxgSZGFzaF9iYXNlbGluZV8xX3YxEQB1_gcA&_nc_zt=28&oh=00_AYF8uGMXwelH5S-UD0vPBZjqUWSJei6LIEtfEq_26QcpOA&oe=67D55055,2024-12-16 11:05:00+00:00,82,0,
18313638379162641,VIDEO,https://scontent-dfw5-1.cdninstagram.com/o1/v/t2/f2/m86/AQOjJpLwzErg0ynIgmsO8VSwC-5Q-9hJRfSA7u2AhlA6upKBH0m2YoJvqZAJyO6dTr3Ki7uVPPmeTM6XZNdl21An7prodrA48UOsUYY.mp4?_nc_cat=105&_nc_sid=5e9851&_nc_ht=scontent-dfw5-1.cdninstagram.com&_nc_ohc=37jWl62uoNAQ7kNvgHbiz3B&efg=eyJ2ZW5jb2RlX3RhZyI6Inhwdl9wcm9ncmVzc2l2ZS5JTlNUQUdSQU0uQ0xJUFMuQzMuNzIwLmRhc2hfYmFzZWxpbmVfMV92MSIsInhwdl9hc3NldF9pZCI6NTUzMDIwMjAwODMzMDU2LCJ2aV91c2VjYXNlX2lkIjoxMDA5OSwiZHVyYXRpb25fcyI6ODgsInVybGdlbl9zb3VyY2UiOiJ3d3cifQ%3D%3D&ccb=17-1&vs=f484b5ea454c1522&_nc_vs=HBksFQIYUmlnX3hwdl9yZWVsc19wZXJtYW5lbnRfc3JfcHJvZC81RjRFNjhCRDNDQTQ1RkY0ODQ1MkUzNEFFNTFBNEI4N192aWRlb19kYXNoaW5pdC5tcDQVAALIAQAVAhg6cGFzc3Rocm91Z2hfZXZlcnN0b3JlL0dNYlpCUnhTdHVPaEFoa0NBTFY1VXplWDJkRlhicV9FQUFBRhUCAsgBACgAGAAbAogHdXNlX29pbAExEnByb2dyZXNzaXZlX3JlY2lwZQExFQAAJsDA_smBvvsBFQIoAkMzLBdAViZmZmZmZhgSZGFzaF9iYXNlbGluZV8xX3YxEQB1_gcA&_nc_zt=28&oh=00_AYHLFtT9zGIPtLMm9rMhT6EkMxdl7PD1Udg-B9oWtf_Imw&oe=67D56CCA,2024-12-13 20:13:43+00:00,113,0,
17845204014353390,VIDEO,https://scontent-dfw5-2.cdninstagram.com/o1/v/t2/f2/m86/AQMAtatlEZF1iW-Hz2sGM4BwgvpHtWq8NyxWTjvYj1rpZQ-BVAikhVuqSEBqc2pO2XyLQtG4fnHHzHVa-UPtSnK_suoBevDWiiM8GQM.mp4?_nc_cat=107&_nc_sid=5e9851&_nc_ht=scontent-dfw5-2.cdninstagram.com&_nc_ohc=lTC4jzl_69sQ7kNvgERefp6&efg=eyJ2ZW5jb2RlX3RhZyI6Inhwdl9wcm9ncmVzc2l2ZS5JTlNUQUdSQU0uQ0xJUFMuQzMuNzIwLmRhc2hfYmFzZWxpbmVfMV92MSIsInhwdl9hc3NldF9pZCI6NTA0NDEyNTg5MzAzMjkxLCJ2aV91c2VjYXNlX2lkIjoxMDA5OSwiZHVyYXRpb25fcyI6MTQsInVybGdlbl9zb3VyY2UiOiJ3d3cifQ%3D%3D&ccb=17-1&vs=8988c0f57319b011&_nc_vs=HBksFQIYUmlnX3hwdl9yZWVsc19wZXJtYW5lbnRfc3JfcHJvZC8yMzRBRjMzM0RGNDJDMkMxMERBRjRDQUZDOTQ4MzRBNV92aWRlb19kYXNoaW5pdC5tcDQVAALIAQAVAhg6cGFzc3Rocm91Z2hfZXZlcnN0b3JlL0dCZmE5aHNlbTJKNGR1Y0RBRWNMc2RoX1hENUticV9FQUFBRhUCAsgBACgAGAAbAogHdXNlX29pbAExEnByb2dyZXNzaXZlX3JlY2lwZQExFQAAJvaXpdPWsOUBFQIoAkMzLBdALHdLxqfvnhgSZGFzaF9iYXNlbGluZV8xX3YxEQB1_gcA&_nc_zt=28&oh=00_AYFSpzsX9KRLXFBxapKs6sOmgEmStw-EruIeZFPcOVUYRA&oe=67D56D40,2024-12-04 11:05:49+00:00,31,0,
18159944284323070,IMAGE,https://scontent-dfw5-2.cdninstagram.com/v/t51.29350-15/468905313_1107675250886962_2819387285253803438_n.webp?stp=dst-jpg_e35_tt6&_nc_cat=100&ccb=1-7&_nc_sid=18de74&_nc_ohc=_kaorWnVz0kQ7kNvgEBn70S&_nc_oc=AdiYGvDR4GoMsnmIqUoFOBYtZHYTAtJQ7KGKmjiJcYzq-AeygaP-dfqNGC1yHinp9RI&_nc_zt=23&_nc_ht=scontent-dfw5-2.cdninstagram.com&edm=ANo9K5cEAAAA&_nc_gid=J2FBHwsMTe1yrcGbKsZVVg&oh=00_AYFBP0zc3My204RIvKm0VQ6cTQekVSVjpeZApKpZIckG0g&oe=67D95E6A,2024-12-02 11:05:09+00:00,47,0,
18071542846726129,VIDEO,https://scontent-dfw5-1.cdninstagram.com/o1/v/t2/f2/m86/AQOTEtcPrCgdLL3CYtgF4rGM_7YqZgB4F-42e0YZaGKSTUIIKOcQjupqmGdMGZ5I2-3C0Y2IkZPVm5pp8zY6CZRTZX5MOueO_cX4qu8.mp4?_nc_cat=110&_nc_sid=5e9851&_nc_ht=scontent-dfw5-1.cdninstagram.com&_nc_ohc=QVJi3D-5fUMQ7kNvgEmSbJG&efg=eyJ2ZW5jb2RlX3RhZyI6Inhwdl9wcm9ncmVzc2l2ZS5JTlNUQUdSQU0uQ0xJUFMuQzMuNzIwLmRhc2hfYmFzZWxpbmVfMV92MSIsInhwdl9hc3NldF9pZCI6MTI2NzAzMzc2NDQ4OTQzMiwidmlfdXNlY2FzZV9pZCI6MTAwOTksImR1cmF0aW9uX3MiOjc1LCJ1cmxnZW5fc291cmNlIjoid3d3In0%3D&ccb=17-1&vs=ee7987a3ceea9a1a&_nc_vs=HBksFQIYUmlnX3hwdl9yZWVsc19wZXJtYW5lbnRfc3JfcHJvZC9DNDQ1NDQ1MDNENTFDOTg1NzZFN0EzNjk2QzM3OTBBOF92aWRlb19kYXNoaW5pdC5tcDQVAALIAQAVAhg6cGFzc3Rocm91Z2hfZXZlcnN0b3JlL0dIZDU3QnRtbFVTOEFsY0hBRlhhYVNFOTdlNFNicV9FQUFBRhUCAsgBACgAGAAbAogHdXNlX29pbAExEnByb2dyZXNzaXZlX3JlY2lwZQExFQAAJrCjm5eJl8AEFQIoAkMzLBdAUsAAAAAAABgSZGFzaF9iYXNlbGluZV8xX3YxEQB1_gcA&_nc_zt=28&oh=00_AYHFPpqKB9QEiyonjS7lS0GeHwey2ExZiLCpO-Ak-guHfg&oe=67D53F4B,2024-11-29 11:05:29+00:00,114,0,
18029999123419364,IMAGE,https://scontent-dfw5-1.cdninstagram.com/v/t51.29350-15/468580397_562650710032231_6313115251166847529_n.webp?stp=dst-jpg_e35_tt6&_nc_cat=111&ccb=1-7&_nc_sid=18de74&_nc_ohc=8kGawA9GD_QQ7kNvgEacMQv&_nc_oc=AdidesQRCa4qQ9ZVuC_a1RmgeXtQv3ziAd9V9q3b65mMgD1L15nZSDZYwcgtDwUDkEg&_nc_zt=23&_nc_ht=scontent-dfw5-1.cdninstagram.com&edm=ANo9K5cEAAAA&_nc_gid=J2FBHwsMTe1yrcGbKsZVVg&oh=00_AYHpmgC2MpmaGC7qIIGABIvIUA7QRyOtnjMVM6Tza2sVXQ&oe=67D935EA,2024-11-27 22:51:50+00:00,2,0,
18011743412653017,VIDEO,https://scontent-dfw5-1.cdninstagram.com/o1/v/t2/f2/m86/AQOyQB3Vj6dCU4Kov_ulbpHYezbEbEaBOqOPKcEofwNLZPkJDuJsiwYpZlRCQ7MrfC7Njsyaj6EyeX1ApoKXiAEAwTYMuT1TZTI_fCs.mp4?_nc_cat=101&_nc_sid=5e9851&_nc_ht=scontent-dfw5-1.cdninstagram.com&_nc_ohc=4RaI9Abp1f4Q7kNvgH6hubF&efg=eyJ2ZW5jb2RlX3RhZyI6Inhwdl9wcm9ncmVzc2l2ZS5JTlNUQUdSQU0uQ0xJUFMuQzMuNzIwLmRhc2hfYmFzZWxpbmVfMV92MSIsInhwdl9hc3NldF9pZCI6MTI4ODYzMzIwODgzNDkxNCwidmlfdXNlY2FzZV9pZCI6MTAwOTksImR1cmF0aW9uX3MiOjI2LCJ1cmxnZW5fc291cmNlIjoid3d3In0%3D&ccb=17-1&vs=6773c0a264ba9e11&_nc_vs=HBksFQIYUmlnX3hwdl9yZWVsc19wZXJtYW5lbnRfc3JfcHJvZC9FODQ0ODk0QjY0NzQ1MTk0OENDNjcxNDE3NUFGMzFCRV92aWRlb19kYXNoaW5pdC5tcDQVAALIAQAVAhg6cGFzc3Rocm91Z2hfZXZlcnN0b3JlL0dQM1I2QnViYlJRV29RVUVBSExTMmsyX09KUnZicV9FQUFBRhUCAsgBACgAGAAbAogHdXNlX29pbAExEnByb2dyZXNzaXZlX3JlY2lwZQExFQAAJsStxMqpgMoEFQIoAkMzLBdAOpmZmZmZmhgSZGFzaF9iYXNlbGluZV8xX3YxEQB1_gcA&_nc_zt=28&oh=00_AYGnxiRz3SYr0GiKZimkeTcConK_0AubPQ2-Vyvht_C1Xw&oe=67D53DE6,2024-11-25 11:05:26+00:00,3,0,
17990613890592601,VIDEO,https://scontent-dfw5-1.cdninstagram.com/o1/v/t2/f2/m86/AQPMSSMZJHUEFSqwivB00cXXootOVyV6fuaDkAldWMXwBN82dtJJZEXk3zZqts3znsYtXpkWYGVHKKDB46c0kaKhPibQqOTLc7vGgZY.mp4?_nc_cat=110&_nc_sid=5e9851&_nc_ht=scontent-dfw5-1.cdninstagram.com&_nc_ohc=2FlgpJmcADYQ7kNvgF1P1Ha&efg=eyJ2ZW5jb2RlX3RhZyI6Inhwdl9wcm9ncmVzc2l2ZS5JTlNUQUdSQU0uQ0xJUFMuQzMuNzIwLmRhc2hfYmFzZWxpbmVfMV92MSIsInhwdl9hc3NldF9pZCI6MTY5MzgwOTM0Nzg1NTY5NSwidmlfdXNlY2FzZV9pZCI6MTAwOTksImR1cmF0aW9uX3MiOjEzLCJ1cmxnZW5fc291cmNlIjoid3d3In0%3D&ccb=17-1&vs=b279a51846afd126&_nc_vs=HBksFQIYUmlnX3hwdl9yZWVsc19wZXJtYW5lbnRfc3JfcHJvZC9BNzQyNjBDQjAxMzBFRTYxNkM4N0I3MEU0RjYyODdCRV92aWRlb19kYXNoaW5pdC5tcDQVAALIAQAVAhg6cGFzc3Rocm91Z2hfZXZlcnN0b3JlL0dBcU8yeHV5NHNCaU9vb0JBR3F6OFkwN3ZWRXNicV9FQUFBRhUCAsgBACgAGAAbAogHdXNlX29pbAExEnByb2dyZXNzaXZlX3JlY2lwZQExFQAAJp6V-IfXoIIGFQIoAkMzLBdAK-6XjU_fOxgSZGFzaF9iYXNlbGluZV8xX3YxEQB1_gcA&_nc_zt=28&oh=00_AYGmLUK0q6rUIh5dj_qLVYYwtqGyrLbqo0XqogchdYXgeg&oe=67D53CF7,2024-11-18 19:28:24+00:00,78,0,
18029412170163902,VIDEO,https://scontent-dfw5-2.cdninstagram.com/o1/v/t2/f2/m86/AQMotZlhT986-Wh_F4g_pZWSZEAjBS8qQmToLY21UtNjhV5dmPjr0gvo8__tma9B4FHfmHZWAoJAFDabou6W8IfSKkRa1GKZhsmlJWo.mp4?_nc_cat=106&_nc_sid=5e9851&_nc_ht=scontent-dfw5-2.cdninstagram.com&_nc_ohc=VYVK46sOocEQ7kNvgExtk_s&efg=eyJ2ZW5jb2RlX3RhZyI6Inhwdl9wcm9ncmVzc2l2ZS5JTlNUQUdSQU0uQ0xJUFMuQzMuNzIwLmRhc2hfYmFzZWxpbmVfMV92MSIsInhwdl9hc3NldF9pZCI6MTUxOTkzMDI4NTMzNjY2OCwidmlfdXNlY2FzZV9pZCI6MTAwOTksImR1cmF0aW9uX3MiOjE1LCJ1cmxnZW5fc291cmNlIjoid3d3In0%3D&ccb=17-1&vs=e28c20f79381668e&_nc_vs=HBksFQIYUmlnX3hwdl9yZWVsc19wZXJtYW5lbnRfc3JfcHJvZC85MjQxQjQwNUM0RUM5Mjk2OTAwMTVDQUQ4MUJFNURCN192aWRlb19kYXNoaW5pdC5tcDQVAALIAQAVAhg6cGFzc3Rocm91Z2hfZXZlcnN0b3JlL0dDSWEyQnVJQ1RNampCY0NBTkVhV1lycjY5RlVicV9FQUFBRhUCAsgBACgAGAAbAogHdXNlX29pbAExEnByb2dyZXNzaXZlX3JlY2lwZQExFQAAJrih7YvLl7MFFQIoAkMzLBdALiHKwIMSbxgSZGFzaF9iYXNlbGluZV8xX3YxEQB1_gcA&_nc_zt=28&oh=00_AYG0rwucTgK3FSQCDl-4pmJyTnPZBezDOZcBNZUMzgSIjQ&oe=67D5411F,2024-11-14 23:20:23+00:00,57,0,
18248617546277121,VIDEO,https://scontent-dfw5-2.cdninstagram.com/o1/v/t2/f2/m86/AQMjCtCmM9UR-3G28YfT2do0xRpxQKQJ3x6ldeNSN4Vsbe4skUkPRAc2z0tvu4xzn75MwWxneJunWgdoiRMIgU_6pYtYvrmgPntLK5c.mp4?_nc_cat=109&_nc_sid=5e9851&_nc_ht=scontent-dfw5-2.cdninstagram.com&_nc_ohc=oZ2_fZXAjogQ7kNvgFKsnYI&efg=eyJ2ZW5jb2RlX3RhZyI6Inhwdl9wcm9ncmVzc2l2ZS5JTlNUQUdSQU0uQ0xJUFMuQzMuNzIwLmRhc2hfYmFzZWxpbmVfMV92MSIsInhwdl9hc3NldF9pZCI6OTk3MzE0Mjk4ODI5Mzc1LCJ2aV91c2VjYXNlX2lkIjoxMDA5OSwiZHVyYXRpb25fcyI6OCwidXJsZ2VuX3NvdXJjZSI6Ind3dyJ9&ccb=17-1&vs=19a28d94e074b5c&_nc_vs=HBksFQIYUmlnX3hwdl9yZWVsc19wZXJtYW5lbnRfc3JfcHJvZC81NjQwMUZEQTNFMzY1MkVDNDExQjAyMDdDMDQyRkQ5Ql92aWRlb19kYXNoaW5pdC5tcDQVAALIAQAVAhg6cGFzc3Rocm91Z2hfZXZlcnN0b3JlL0dDX1YweHU5eHZuUnp3Z0dBSkt3Wm0wU2dxTkFicV9FQUFBRhUCAsgBACgAGAAbAogHdXNlX29pbAExEnByb2dyZXNzaXZlX3JlY2lwZQExFQAAJv7olsiqw8UDFQIoAkMzLBdAIe6XjU_fOxgSZGFzaF9iYXNlbGluZV8xX3YxEQB1_gcA&_nc_zt=28&oh=00_AYEGLaQdfR27wAEyak-yLroWIjTkynUG5urFRS8cwqNAFg&oe=67D53D86,2024-11-12 17:09:00+00:00,2,0,
18077214613577622,VIDEO,https://scontent-dfw5-2.cdninstagram.com/o1/v/t2/f2/m367/AQO1YkBgB2X1QRBa85FAbG7rywvBPx1WYVNbZs51XsPVuJkQwNgCK1X__pcPWVerHmqtpdl3KqjLHnzyPR3m2bm3uwgFGOdXpXkcaaE.mp4?_nc_cat=102&_nc_sid=5e9851&_nc_ht=scontent-dfw5-2.cdninstagram.com&_nc_ohc=d21EjVygA3MQ7kNvgEt_Ayh&efg=eyJ2ZW5jb2RlX3RhZyI6Inhwdl9wcm9ncmVzc2l2ZS5JTlNUQUdSQU0uQ0xJUFMuQzMuNzIwLmRhc2hfYmFzZWxpbmVfMV92MSIsInhwdl9hc3NldF9pZCI6NTc1NDk4NzI1MDMwNTI0LCJ2aV91c2VjYXNlX2lkIjoxMDA5OSwiZHVyYXRpb25fcyI6MTUsInVybGdlbl9zb3VyY2UiOiJ3d3cifQ%3D%3D&ccb=17-1&vs=1c2383da6ba7947e&_nc_vs=HBksFQIYQGlnX2VwaGVtZXJhbC8xODQxQkNBN0VBODQ0NUQ5QjJGOEUxODhDQ0I5QjY4MF92aWRlb19kYXNoaW5pdC5tcDQVAALIAQAVAhg6cGFzc3Rocm91Z2hfZXZlcnN0b3JlL0dONjl5QnZZcENCOTJnZ0NBRFZlQ2JhblhTQnlicV9FQUFBRhUCAsgBACgAGAAbAogHdXNlX29pbAExEnByb2dyZXNzaXZlX3JlY2lwZQExFQAAJvjpl9G32oUCFQIoAkMzLBdALrtkWhysCBgSZGFzaF9iYXNlbGluZV8xX3YxEQB1_gcA&_nc_zt=28&oh=00_AYHowufX1Qz4YJHw649yB8Zt3kAg54Or8i4mFo3bYf2p2A&oe=67D9409B,2024-11-09 11:05:52+00:00,3,0,
18024645797210390,IMAGE,https://scontent-dfw5-2.cdninstagram.com/v/t51.29350-15/464928710_934425981833953_1275866501000896233_n.webp?stp=dst-jpg_e35_tt6&_nc_cat=104&ccb=1-7&_nc_sid=18de74&_nc_ohc=emhS4kyTpjgQ7kNvgHFMqRQ&_nc_oc=AdhcUQ44vkU1IQ-DzMgGwmiYKDWIndeMSKhVCGXdaRaXWKOy02hHRSIHSpxxC9OXz4E&_nc_zt=23&_nc_ht=scontent-dfw5-2.cdninstagram.com&edm=ANo9K5cEAAAA&_nc_gid=J2FBHwsMTe1yrcGbKsZVVg&oh=00_AYEDU6t8VKabGR980GagdsZPCdErYSW8YMnLvAuLrP7M3Q&oe=67D9500E,2024-10-28 19:30:41+00:00,3,0,
18010280810440375,VIDEO,https://scontent-dfw5-2.cdninstagram.com/o1/v/t2/f2/m367/AQODQU0qXGNXzIFBv_keJnXgG2rXBrNGVesh3bo7k9-25xkdUPsgkb954_AATwFp-CS-FFfywLmNK5DOti1PBFYPaxWEZ9c9-G19hUQ.mp4?_nc_cat=109&_nc_sid=5e9851&_nc_ht=scontent-dfw5-2.cdninstagram.com&_nc_ohc=vw0SWIARF6EQ7kNvgHyT2wV&efg=eyJ2ZW5jb2RlX3RhZyI6Inhwdl9wcm9ncmVzc2l2ZS5JTlNUQUdSQU0uQ0xJUFMuQzMuNzIwLmRhc2hfYmFzZWxpbmVfMV92MSIsInhwdl9hc3NldF9pZCI6NDc3ODI3NTc3OTA4NTIzLCJ2aV91c2VjYXNlX2lkIjoxMDA5OSwiZHVyYXRpb25fcyI6MzIsInVybGdlbl9zb3VyY2UiOiJ3d3cifQ%3D%3D&ccb=17-1&vs=4c7feb576fdab042&_nc_vs=HBksFQIYQGlnX2VwaGVtZXJhbC80OTRDODIxQjlFN0ExNTM1MjQ2REVERDQ4OUUwQTc4OV92aWRlb19kYXNoaW5pdC5tcDQVAALIAQAVAhg6cGFzc3Rocm91Z2hfZXZlcnN0b3JlL0dON2tyeHVxdUtiNURpb0RBTFR5WGRIak1yNTRicV9FQUFBRhUCAsgBACgAGAAbAogHdXNlX29pbAExEnByb2dyZXNzaXZlX3JlY2lwZQExFQAAJta03PCcpdkBFQIoAkMzLBdAQAQ5WBBiThgSZGFzaF9iYXNlbGluZV8xX3YxEQB1_gcA&_nc_zt=28&oh=00_AYFAlR8hEMl0oVeN5cfK7rmwg1Oxg2hKiCKAqBoBLN2BFQ&oe=67D9494E,2024-10-26 11:05:10+00:00,67,0,
17925670202861854,IMAGE,https://scontent-dfw5-1.cdninstagram.com/v/t51.29350-15/464392679_1917606878651648_975972146694289668_n.webp?stp=dst-jpg_e35_tt6&_nc_cat=110&ccb=1-7&_nc_sid=18de74&_nc_ohc=UjoSL8aONi0Q7kNvgEpRgNK&_nc_oc=Adiq9qDDusi0g0SxcgepdR61A1plHXUvaBFHGk2U8iGIKwCQW0xaIv369R4iVllLhbU&_nc_zt=23&_nc_ht=scontent-dfw5-1.cdninstagram.com&edm=ANo9K5cEAAAA&_nc_gid=J2FBHwsMTe1yrcGbKsZVVg&oh=00_AYHjyv6hNenGJ6aJcMger2Ks-Z7_AeJZlmmw_bDBIhQu2g&oe=67D93617,2024-10-23 11:05:58+00:00,3,0,
18159829507322022,VIDEO,https://scontent-dfw5-2.cdninstagram.com/o1/v/t2/f2/m367/AQPmKVnD07sl3PTdT6wxJS6f_vu5wAIzEMvpiVNH70zF4ZguIt9sjyyio3UddZ0LaapZmrVBCHd6Yp8NOrRhqn9-EBGetw4aV8rCQDk.mp4?_nc_cat=102&_nc_sid=5e9851&_nc_ht=scontent-dfw5-2.cdninstagram.com&_nc_ohc=IiY6bSSPJc4Q7kNvgFN9K9W&efg=eyJ2ZW5jb2RlX3RhZyI6Inhwdl9wcm9ncmVzc2l2ZS5JTlNUQUdSQU0uQ0xJUFMuQzMuNzIwLmRhc2hfYmFzZWxpbmVfMV92MSIsInhwdl9hc3NldF9pZCI6MTI2ODQ5MTE5MTAyOTgzNywidmlfdXNlY2FzZV9pZCI6MTAwOTksImR1cmF0aW9uX3MiOjIzLCJ1cmxnZW5fc291cmNlIjoid3d3In0%3D&ccb=17-1&vs=76578866e200f0df&_nc_vs=HBksFQIYQGlnX2VwaGVtZXJhbC8xRDQyNzdGMTgyNDFFOTZBNUZBNjU5RUI1Mjg2RDBCQl92aWRlb19kYXNoaW5pdC5tcDQVAALIAQAVAhg6cGFzc3Rocm91Z2hfZXZlcnN0b3JlL0dQU2JxaHZfQ19JbmpzQUJBSFAwV1JSRnBteFdicV9FQUFBRhUCAsgBACgAGAAbAogHdXNlX29pbAExEnByb2dyZXNzaXZlX3JlY2lwZQExFQAAJprBvO3z68AEFQIoAkMzLBdANwhysCDEnBgSZGFzaF9iYXNlbGluZV8xX3YxEQB1_gcA&_nc_zt=28&oh=00_AYGzflmoj78JFWAp0hxQa4ZlWO-YoG3KtTWJeOjkmjhgXA&oe=67D93A83,2024-10-21 11:05:16+00:00,6,0,
18043642148089760,IMAGE,https://scontent-dfw5-2.cdninstagram.com/v/t51.29350-15/464243111_1093767388767916_6824607118126909549_n.webp?stp=dst-jpg_e35_tt6&_nc_cat=100&ccb=1-7&_nc_sid=18de74&_nc_ohc=rzkydYYj18EQ7kNvgGeWzDF&_nc_oc=AdiJqUNWjgn3StpxewB7PnRAtqh8Jw9Ice10C9Y4XCoETkdBg-sBb_kLvF3QUUYOCXY&_nc_zt=23&_nc_ht=scontent-dfw5-2.cdninstagram.com&edm=ANo9K5cEAAAA&_nc_gid=J2FBHwsMTe1yrcGbKsZVVg&oh=00_AYG6CiYheuca9aDSh-jjGyoRtkIbAcn1K4v-UfxNSLItLQ&oe=67D95979,2024-10-21 03:10:14+00:00,2,0,
17872963527191016,VIDEO,https://scontent-dfw5-1.cdninstagram.com/o1/v/t2/f2/m86/AQM1b1rPmIB_Pc6SY5T9BCG4MmtXN-Fu3IyaZs1ZO-mWNa-RLN3SwQkv798vjGYkrPRF7BGZYyLee_yf4GePfoFhkRAS_OT_sA9-UF4.mp4?_nc_cat=101&_nc_sid=5e9851&_nc_ht=scontent-dfw5-1.cdninstagram.com&_nc_ohc=mXZJssI-TXYQ7kNvgGN9SrS&efg=eyJ2ZW5jb2RlX3RhZyI6Inhwdl9wcm9ncmVzc2l2ZS5JTlNUQUdSQU0uQ0xJUFMuQzMuNzIwLmRhc2hfYmFzZWxpbmVfMV92MSIsInhwdl9hc3NldF9pZCI6MTYzMTgzOTM4NzM3MzM2NSwidmlfdXNlY2FzZV9pZCI6MTAwOTksImR1cmF0aW9uX3MiOjIwLCJ1cmxnZW5fc291cmNlIjoid3d3In0%3D&ccb=17-1&vs=d0c72d04151eee72&_nc_vs=HBksFQIYUmlnX3hwdl9yZWVsc19wZXJtYW5lbnRfc3JfcHJvZC8yNTRGRjFDNkM3Mzc3OEE1QTEyQzBFRDc1Rjk1NTk5Ml92aWRlb19kYXNoaW5pdC5tcDQVAALIAQAVAhg6cGFzc3Rocm91Z2hfZXZlcnN0b3JlL0dLaVNuQnZIRWF5S0ItOEJBR0QwY3BEMDFNQTlicV9FQUFBRhUCAsgBACgAGAAbAogHdXNlX29pbAExEnByb2dyZXNzaXZlX3JlY2lwZQExFQAAJuq8nvDGieYFFQIoAkMzLBdANBDlYEGJNxgSZGFzaF9iYXNlbGluZV8xX3YxEQB1_gcA&_nc_zt=28&oh=00_AYF9kx50UT6vvmC2NGc52JOf0oCnxlp2sYks-sDC-bmOXw&oe=67D5603E,2024-10-15 11:05:46+00:00,5,0,
18043566317099491,VIDEO,https://scontent-dfw5-2.cdninstagram.com/o1/v/t2/f2/m86/AQOl8PE4u212jTwLLoHU-x4LEkkfxEEpif8n__es7NJeh17CvFd-B9m1SReOcZO1xJ6ncRu7wYaTg6WMoFMRz0RH_tazYAZWgTYBJbw.mp4?_nc_cat=104&_nc_sid=5e9851&_nc_ht=scontent-dfw5-2.cdninstagram.com&_nc_ohc=uOMQfHh2G8cQ7kNvgEe9cTH&efg=eyJ2ZW5jb2RlX3RhZyI6Inhwdl9wcm9ncmVzc2l2ZS5JTlNUQUdSQU0uQ0xJUFMuQzMuNzIwLmRhc2hfYmFzZWxpbmVfMV92MSIsInhwdl9hc3NldF9pZCI6MTI2NzA1NTE2MDk2MTgyMywidmlfdXNlY2FzZV9pZCI6MTAwOTksImR1cmF0aW9uX3MiOjM5LCJ1cmxnZW5fc291cmNlIjoid3d3In0%3D&ccb=17-1&vs=96488f136d011441&_nc_vs=HBksFQIYUmlnX3hwdl9yZWVsc19wZXJtYW5lbnRfc3JfcHJvZC9GQTQwMDEzRTA2QkU3N0NCMDk4RUYzQzg5NjNCMUNCNF92aWRlb19kYXNoaW5pdC5tcDQVAALIAQAVAhg6cGFzc3Rocm91Z2hfZXZlcnN0b3JlL0dLU3BsQnVNdlJnTTZvd0VBTGdBRHFrd3RKVm5icV9FQUFBRhUCAsgBACgAGAAbAogHdXNlX29pbAExEnByb2dyZXNzaXZlX3JlY2lwZQExFQAAJr6svcyomMAEFQIoAkMzLBdAQ_MzMzMzMxgSZGFzaF9iYXNlbGluZV8xX3YxEQB1_gcA&_nc_zt=28&oh=00_AYHVKNXtM3KRX36cuD-G-jADHLpsOa49WXIC5OD-ye5Ojw&oe=67D5451D,2024-10-11 11:35:46+00:00,12,0,
18061083544683617,IMAGE,https://scontent-dfw5-2.cdninstagram.com/v/t51.29350-15/462634310_1525309311446226_3682200281951553575_n.webp?stp=dst-jpg_e35_tt6&_nc_cat=107&ccb=1-7&_nc_sid=18de74&_nc_ohc=JQmYVdCIRNQQ7kNvgG_WOOL&_nc_oc=Adgio_ihaTov2fB9Ii6nXXiFfbENj5JGxcZws5eFv92QAUmgLMOIBjKD7YzMZpW7yVQ&_nc_zt=23&_nc_ht=scontent-dfw5-2.cdninstagram.com&edm=ANo9K5cEAAAA&_nc_gid=J2FBHwsMTe1yrcGbKsZVVg&oh=00_AYFDbsTM7i7uHoXHV0T-Efm5CqblSeIwJGdRmU4PNfQH6g&oe=67D95D07,2024-10-11 11:05:37+00:00,5,0,
17923053215867659,VIDEO,https://scontent-dfw5-1.cdninstagram.com/o1/v/t16/f2/m69/AQN6v5c8PhXmitEjDkbqa-s8A8uJNDawkQJjHbk1e4Wx5wUcBrAxOgZgAlR6DEK2CDu9QdCmlr1M-Tbir4gWjgpb.mp4?strext=1&_nc_cat=110&_nc_sid=5e9851&_nc_ht=scontent-dfw5-1.cdninstagram.com&_nc_ohc=Oi0B1IQ3ytUQ7kNvgHiEdiM&efg=eyJ2ZW5jb2RlX3RhZyI6Inhwdl9wcm9ncmVzc2l2ZS5JTlNUQUdSQU0uQ0xJUFMuQzMuNzIwLmRhc2hfYmFzZWxpbmVfMV92MSIsInhwdl9hc3NldF9pZCI6Mzc4NDYzNTgxODQ0NDE2NCwidmlfdXNlY2FzZV9pZCI6MTAwOTksImR1cmF0aW9uX3MiOjQ1LCJ1cmxnZW5fc291cmNlIjoid3d3In0%3D&ccb=17-1&vs=65e92921e607ee10&_nc_vs=HBksFQIYOnBhc3N0aHJvdWdoX2V2ZXJzdG9yZS9HUG1XV2h6ZjhhbDhES3NFQU1uVl9aRjJPbGdXYm1kakFBQUYVAALIAQAVAhg6cGFzc3Rocm91Z2hfZXZlcnN0b3JlL0dCb0hqUnV0c1VBOXplTURBS05mZFdRc0poMFhicV9FQUFBRhUCAsgBACgAGAAbAogHdXNlX29pbAExEnByb2dyZXNzaXZlX3JlY2lwZQExFQAAJoiWgJnmhrkNFQIoAkMzLBdARoQ5WBBiThgSZGFzaF9iYXNlbGluZV8xX3YxEQB1_gcA&_nc_zt=28&oh=00_AYHbP_zNCNW4TMCuezyacXJRhL9CGyHHI5CCzxH69cM9Mg&oe=67D95C26,2024-10-07 17:56:49+00:00,9,0,
18041912224892943,IMAGE,https://scontent-dfw5-1.cdninstagram.com/v/t51.29350-15/461875114_863105659258074_93114304327979978_n.webp?stp=dst-jpg_e35_tt6&_nc_cat=110&ccb=1-7&_nc_sid=18de74&_nc_ohc=3maAWHtTlJ4Q7kNvgGjeaVW&_nc_oc=AdgIp2ONwAKVmS_t_k36hk_ZJyZEBDwhLGCz5eCOtz8UAyVi7xkYEtw-yUeHDAfLKX8&_nc_zt=23&_nc_ht=scontent-dfw5-1.cdninstagram.com&edm=ANo9K5cEAAAA&_nc_gid=aVFASbtsiFldC2-fnHZlhQ&oh=00_AYGtiLG5AQXehz-wgwEY-_ypJfIJC3ZQ0IFG3nF_-Ua1Xg&oe=67D93C1E,2024-10-03 11:05:50+00:00,5,0,
17972602661783501,VIDEO,https://scontent-dfw5-2.cdninstagram.com/o1/v/t2/f2/m367/AQNArhqS2xWYdw8Fu1e0BvChZFOdqP_DyBLk0AtpI0ZhinhEwdcFGaXOk2U0Tm6iO_AgUhM8TOTRAxAT-TabGavjgBGejMPxrJbOyVg.mp4?_nc_cat=108&_nc_sid=5e9851&_nc_ht=scontent-dfw5-2.cdninstagram.com&_nc_ohc=7KO_djD6yDUQ7kNvgG9y1fu&efg=eyJ2ZW5jb2RlX3RhZyI6Inhwdl9wcm9ncmVzc2l2ZS5JTlNUQUdSQU0uQ0xJUFMuQzMuNzIwLmRhc2hfYmFzZWxpbmVfMV92MSIsInhwdl9hc3NldF9pZCI6OTg3MTc4MzE2NTE0NzMzLCJ2aV91c2VjYXNlX2lkIjoxMDA5OSwiZHVyYXRpb25fcyI6MjYsInVybGdlbl9zb3VyY2UiOiJ3d3cifQ%3D%3D&ccb=17-1&vs=fa61293051fffe9e&_nc_vs=HBksFQIYQGlnX2VwaGVtZXJhbC81QzQzRjRDNDFCOTBDMDFGMUMwNkFFRUQ4OUQ3MjE4RF92aWRlb19kYXNoaW5pdC5tcDQVAALIAQAVAhg6cGFzc3Rocm91Z2hfZXZlcnN0b3JlL0dQeE1oeHQxZGdfT2Fpd0ZBUHNFS1U2XzNjbFhicV9FQUFBRhUCAsgBACgAGAAbAogHdXNlX29pbAExEnByb2dyZXNzaXZlX3JlY2lwZQExFQAAJtqWls6r9cADFQIoAkMzLBdAOndLxqfvnhgSZGFzaF9iYXNlbGluZV8xX3YxEQB1_gcA&_nc_zt=28&oh=00_AYGhm8Ng_X78QlP_6qcLiysBw7uM8yhPdNXAjmaI2iuuGQ&oe=67D948C1,2024-10-01 01:26:09+00:00,5,0,
18080975473524600,IMAGE,https://scontent-dfw5-1.cdninstagram.com/v/t51.29350-15/461585706_1075041663559542_8983747936695867900_n.webp?stp=dst-jpg_e35_tt6&_nc_cat=101&ccb=1-7&_nc_sid=18de74&_nc_ohc=_FY2149Hl9QQ7kNvgHG0iia&_nc_oc=Adguyn6mJz0MsWPXgKJSnLCpIcEZxodzzHnaWzIjyYiiLkMgOV2XDN0Z2nE4uiNN1x8&_nc_zt=23&_nc_ht=scontent-dfw5-1.cdninstagram.com&edm=ANo9K5cEAAAA&_nc_gid=aVFASbtsiFldC2-fnHZlhQ&oh=00_AYGOupojCtJDW48Eqnzhivf3CtcEulhYJqJyXvNqb8Rh3g&oe=67D938E5,2024-10-01 01:11:31+00:00,5,0,
18026654723051686,VIDEO,https://scontent-dfw5-2.cdninstagram.com/o1/v/t2/f2/m82/AQNPUuWeD6tlG6V3B79Qly3V7-E6NuFVjpLA06UXOluhQ-dlBk0XfPMHeHJP05zokQLM55roTo6SbXaW7LUplqPArTZ4VoA6BAl1DRU.mp4?_nc_cat=109&_nc_sid=5e9851&_nc_ht=scontent-dfw5-2.cdninstagram.com&_nc_ohc=446tPfo1KcsQ7kNvgE6ju5H&efg=eyJ2ZW5jb2RlX3RhZyI6Inhwdl9wcm9ncmVzc2l2ZS5JTlNUQUdSQU0uQ0xJUFMuQzMuNzIwLmRhc2hfYmFzZWxpbmVfMV92MSIsInhwdl9hc3NldF9pZCI6OTQzNTUzMTMwODMwNTg2LCJ2aV91c2VjYXNlX2lkIjoxMDA5OSwiZHVyYXRpb25fcyI6MTUsInVybGdlbl9zb3VyY2UiOiJ3d3cifQ%3D%3D&ccb=17-1&vs=2d1f5248f3418338&_nc_vs=HBksFQIYT2lnX3hwdl9yZWVsc19wZXJtYW5lbnRfcHJvZC80MjREOEJBQUFCREExNUVBRDczNjBERjRDOEM2MTE5OF92aWRlb19kYXNoaW5pdC5tcDQVAALIAQAVAhg6cGFzc3Rocm91Z2hfZXZlcnN0b3JlL0dEYS1BQnJCTmlkSloyY0JBSlk0RVgyc3dVUnpicV9FQUFBRhUCAsgBACgAGAAbAogHdXNlX29pbAExEnByb2dyZXNzaXZlX3JlY2lwZQExFQAAJvTrhNOCiq0DFQIoAkMzLBdALjO2RaHKwRgSZGFzaF9iYXNlbGluZV8xX3YxEQB1_gcA&_nc_zt=28&oh=00_AYH-2i6Kw-GPZ4LMfra-WAIJX8lfwn4UMST4EO7Jg-97gw&oe=67D54822,2024-04-08 17:30:00+00:00,22,5,
18003763892180526,VIDEO,https://scontent-dfw5-1.cdninstagram.com/o1/v/t2/f2/m82/AQOP8Xw8umrmMfC8odLIkGs3yoVGhiRDymwuN__jB7yvQY3bT-eQ9VUKyvgCrWUs3gQO3rfoOiNFPicd7SgKCO8LkBefoNgKzXrruJA.mp4?_nc_cat=111&_nc_sid=5e9851&_nc_ht=scontent-dfw5-1.cdninstagram.com&_nc_ohc=wv7s0w84gCMQ7kNvgHa52Ji&efg=eyJ2ZW5jb2RlX3RhZyI6Inhwdl9wcm9ncmVzc2l2ZS5JTlNUQUdSQU0uQ0xJUFMuQzMuNzIwLmRhc2hfYmFzZWxpbmVfMV92MSIsInhwdl9hc3NldF9pZCI6NzE1OTE4OTA0MDU5ODgzLCJhc3NldF9hZ2VfZGF5cyI6MzgxLCJ2aV91c2VjYXNlX2lkIjoxMDA5OSwiZHVyYXRpb25fcyI6MTUsInVybGdlbl9zb3VyY2UiOiJ3d3cifQ%3D%3D&ccb=17-1&vs=40f27d219ea19333&_nc_vs=HBksFQIYT2lnX3hwdl9yZWVsc19wZXJtYW5lbnRfcHJvZC8wMTQ0MkY2NEUzOUZBRjk0MTI2RDY4MTQwNkIzQjZCNF92aWRlb19kYXNoaW5pdC5tcDQVAALIAQAVAhg6cGFzc3Rocm91Z2hfZXZlcnN0b3JlL0dGVW1vaG1LeXY4SDNFVURBRWhlckFQZEFEdEZicV9FQUFBRhUCAsgBACgAGAAbAogHdXNlX29pbAExEnByb2dyZXNzaXZlX3JlY2lwZQExFQAAJtaft7_7x8UCFQIoAkMzLBdALjO2RaHKwRgSZGFzaF9iYXNlbGluZV8xX3YxEQB1_gcA&_nc_zt=28&oh=00_AYFmkSOuPlH5xbrScIWbF14FzDwEQD9QJoTOtxh-anen2Q&oe=67D55FAC,2024-02-26 17:15:00+00:00,13,2,
18000841205451714,VIDEO,https://scontent-dfw5-2.cdninstagram.com/o1/v/t2/f2/m82/AQPrz_XAtIQ0Da4NB9BogD8npEWsgMxGGH-XbUhw4r3QunHDV49atBrNBfVksw98AjRP1TuuBLIpPThGzNxG_Lj7r6jbltOnRXrvANo.mp4?_nc_cat=102&_nc_sid=5e9851&_nc_ht=scontent-dfw5-2.cdninstagram.com&_nc_ohc=5I9oQV775nQQ7kNvgE8LCq-&efg=eyJ2ZW5jb2RlX3RhZyI6Inhwdl9wcm9ncmVzc2l2ZS5JTlNUQUdSQU0uQ0xJUFMuQzMuNzIwLmRhc2hfYmFzZWxpbmVfMV92MSIsInhwdl9hc3NldF9pZCI6MTE2MjQyMTM3ODA1OTc0MywiYXNzZXRfYWdlX2RheXMiOjM4NSwidmlfdXNlY2FzZV9pZCI6MTAwOTksImR1cmF0aW9uX3MiOjgsInVybGdlbl9zb3VyY2UiOiJ3d3cifQ%3D%3D&ccb=17-1&vs=86be1240fd89bcd1&_nc_vs=HBksFQIYT2lnX3hwdl9yZWVsc19wZXJtYW5lbnRfcHJvZC9FQzQxMDcwRTFBRDAxRjhFRUZGMDJFRENFNTNBQkI5NF92aWRlb19kYXNoaW5pdC5tcDQVAALIAQAVAhg6cGFzc3Rocm91Z2hfZXZlcnN0b3JlL0dEZGRZaGpZUmllYzdhSU1BS0kzOHdMRDM4ZDRicV9FQUFBRhUCAsgBACgAGAAbAogHdXNlX29pbAExEnByb2dyZXNzaXZlX3JlY2lwZQExFQAAJr63jJXqzZAEFQIoAkMzLBdAIGl41P3zthgSZGFzaF9iYXNlbGluZV8xX3YxEQB1_gcA&_nc_zt=28&oh=00_AYFI__b5d5vY1eF2EOvnpBqZHToxua4TyvtndY1ecTM29g&oe=67D537D7,2024-02-22 16:44:14+00:00,16,2,
17982431309544045,VIDEO,https://scontent-dfw5-1.cdninstagram.com/o1/v/t2/f2/m82/AQOTtO2xPhAZuf1efZ9hzk2JBHG-GfRX29dmPIEhwb_fq8Klgzn1OGBlgiIrdJr91vavlWLZH7feWrt0x43tncf4oNRwVhBsPavG9T0.mp4?_nc_cat=110&_nc_sid=5e9851&_nc_ht=scontent-dfw5-1.cdninstagram.com&_nc_ohc=7gM0lAHODb8Q7kNvgG0JluB&efg=eyJ2ZW5jb2RlX3RhZyI6Inhwdl9wcm9ncmVzc2l2ZS5JTlNUQUdSQU0uQ0xJUFMuQzMuNzIwLmRhc2hfYmFzZWxpbmVfMV92MSIsInhwdl9hc3NldF9pZCI6MTExMTA5Mjk0MzIxNTk5MCwiYXNzZXRfYWdlX2RheXMiOjQ4MywidmlfdXNlY2FzZV9pZCI6MTAwOTksImR1cmF0aW9uX3MiOjI1LCJ1cmxnZW5fc291cmNlIjoid3d3In0%3D&ccb=17-1&vs=88706412622cf5c7&_nc_vs=HBksFQIYT2lnX3hwdl9yZWVsc19wZXJtYW5lbnRfcHJvZC83RTQxNjU5Q0E0NEVDMEExM0JGMDg5ODRCNkE3Q0E5MF92aWRlb19kYXNoaW5pdC5tcDQVAALIAQAVAhg6cGFzc3Rocm91Z2hfZXZlcnN0b3JlL0dDWTQ3UmVSMnNqckJNZ0RBSFdYc1ZQUmFmUTRicV9FQUFBRhUCAsgBACgAGAAbAogHdXNlX29pbAExEnByb2dyZXNzaXZlX3JlY2lwZQExFQAAJuz1isOPovkDFQIoAkMzLBdAOaIMSbpeNRgSZGFzaF9iYXNlbGluZV8xX3YxEQB1_gcA&_nc_zt=28&oh=00_AYHD0_UnpbryVUQxLSX_MjKg7BmusB3GWF9AdaGYwO3cUQ&oe=67D56343,2023-11-16 23:26:15+00:00,16,1,
17890923356927855,VIDEO,https://scontent-dfw5-1.cdninstagram.com/o1/v/t2/f2/m82/AQO69xM3IJcJc9GeQ86kgREwtjrxYgy_kJwgAKDVaRmyRgbtiDS1CUek3K4zpmmCTmhDkzllPty8Ul9inAk_GINT1IOhwdN2SOt1Lfc.mp4?_nc_cat=103&_nc_sid=5e9851&_nc_ht=scontent-dfw5-1.cdninstagram.com&_nc_ohc=gglRd3gsTFwQ7kNvgElERJ6&efg=eyJ2ZW5jb2RlX3RhZyI6Inhwdl9wcm9ncmVzc2l2ZS5JTlNUQUdSQU0uQ0xJUFMuQzMuNzIwLmRhc2hfYmFzZWxpbmVfMV92MSIsInhwdl9hc3NldF9pZCI6Mjk5NDQ3MjIyOTMzMTAyLCJhc3NldF9hZ2VfZGF5cyI6NDk3LCJ2aV91c2VjYXNlX2lkIjoxMDA5OSwiZHVyYXRpb25fcyI6OSwidXJsZ2VuX3NvdXJjZSI6Ind3dyJ9&ccb=17-1&vs=b23d0d41a2ed00f2&_nc_vs=HBksFQIYT2lnX3hwdl9yZWVsc19wZXJtYW5lbnRfcHJvZC9BMDRFNkFERDE2MTI3Nzc4MUZGQUVCNzZBMDZDQzdCNV92aWRlb19kYXNoaW5pdC5tcDQVAALIAQAVAhg6cGFzc3Rocm91Z2hfZXZlcnN0b3JlL0dIaGlxeGUtNXlyT2lRd0RBRkZXeHpkQTh6Y3JicV9FQUFBRhUCAsgBACgAGAAbAogHdXNlX29pbAExEnByb2dyZXNzaXZlX3JlY2lwZQExFQAAJtzZ0NWPlogBFQIoAkMzLBdAIkQYk3S8ahgSZGFzaF9iYXNlbGluZV8xX3YxEQB1_gcA&_nc_zt=28&oh=00_AYEq2WJFYSZL3t9BTNJFAwkmzVpPc0ayWlNUAakMqoOGRw&oe=67D549DC,2023-11-02 16:26:56+00:00,15,0,
18010543081949046,VIDEO,https://scontent-dfw5-2.cdninstagram.com/o1/v/t2/f2/m82/AQMNTqX04w5-E7ncnVEB1hbKx5DNqnrMlrp3Q3YZMTDMJkMi7Ph63icF2QIWMRjtfgTy-hLYptUDD6ulkUJyVr-ecPfd4xyacmB5HPg.mp4?_nc_cat=107&_nc_sid=5e9851&_nc_ht=scontent-dfw5-2.cdninstagram.com&_nc_ohc=jDzSRgEVvTMQ7kNvgE2VnH1&efg=eyJ2ZW5jb2RlX3RhZyI6Inhwdl9wcm9ncmVzc2l2ZS5JTlNUQUdSQU0uQ0xJUFMuQzMuNTcyLmRhc2hfYmFzZWxpbmVfMV92MSIsInhwdl9hc3NldF9pZCI6MTU5NDEwMzY3MTEyMDI3OSwiYXNzZXRfYWdlX2RheXMiOjUwNiwidmlfdXNlY2FzZV9pZCI6MTAwOTksImR1cmF0aW9uX3MiOjMsInVybGdlbl9zb3VyY2UiOiJ3d3cifQ%3D%3D&ccb=17-1&vs=9876398be54f0975&_nc_vs=HBksFQIYT2lnX3hwdl9yZWVsc19wZXJtYW5lbnRfcHJvZC9EMjQ4OTRDQkZEMjYyNTlFQUNDOTAxMjFDRDJGNjQ4MF92aWRlb19kYXNoaW5pdC5tcDQVAALIAQAVAhg6cGFzc3Rocm91Z2hfZXZlcnN0b3JlL0dIeVFreGZaWUw3YlFvNElBSWtDb2hvYjdTRmNicV9FQUFBRhUCAsgBACgAGAAbAogHdXNlX29pbAExEnByb2dyZXNzaXZlX3JlY2lwZQExFQAAJq6G6_CF9dQFFQIoAkMzLBdADIcrAgxJuhgSZGFzaF9iYXNlbGluZV8xX3YxEQB1_gcA&_nc_zt=28&oh=00_AYGEaEoCoaBqal2g0_AXa7TSfVgN65WUiYu8sDUbLaOMXg&oe=67D55348,2023-10-24 21:49:15+00:00,15,0,
17976889949375121,VIDEO,https://scontent-dfw5-1.cdninstagram.com/o1/v/t2/f2/m82/AQPkjUs3su2PiFTF6nl4e9WM3-TSUEQ-N8tPvoBxw084z7_F93A9ZqgzdpMKWpfwORXJxwVYvDrNwlTchA_QecjXTbCfe7Jl54QHjoU.mp4?_nc_cat=103&_nc_sid=5e9851&_nc_ht=scontent-dfw5-1.cdninstagram.com&_nc_ohc=SJElxdJ8Th4Q7kNvgEfM1RV&efg=eyJ2ZW5jb2RlX3RhZyI6Inhwdl9wcm9ncmVzc2l2ZS5JTlNUQUdSQU0uQ0xJUFMuQzMuNzIwLmRhc2hfYmFzZWxpbmVfMV92MSIsInhwdl9hc3NldF9pZCI6MjM4NTM3NzY5MTY0MTIwOSwiYXNzZXRfYWdlX2RheXMiOjUxMSwidmlfdXNlY2FzZV9pZCI6MTAwOTksImR1cmF0aW9uX3MiOjMxLCJ1cmxnZW5fc291cmNlIjoid3d3In0%3D&ccb=17-1&vs=b3eb817ae410afd9&_nc_vs=HBksFQIYT2lnX3hwdl9yZWVsc19wZXJtYW5lbnRfcHJvZC9GQjQ0QzBGRTgxOTdEQzYwQTVFRTEyQTg1NjY0RTJBMl92aWRlb19kYXNoaW5pdC5tcDQVAALIAQAVAhg6cGFzc3Rocm91Z2hfZXZlcnN0b3JlL0dQdEFjUmNvaFVTMk00TUNBTktvd1VNNHVnY3ZicV9FQUFBRhUCAsgBACgAGAAbAogHdXNlX29pbAExEnByb2dyZXNzaXZlX3JlY2lwZQExFQAAJvKVud-g37wIFQIoAkMzLBdAPxDlYEGJNxgSZGFzaF9iYXNlbGluZV8xX3YxEQB1_gcA&_nc_zt=28&oh=00_AYEqCYxNDeQVpNPZBqAz2uQNw2xmfP4ERUiABedvp5lwzQ&oe=67D54490,2023-10-19 18:05:03+00:00,6,0,
18020472910775164,VIDEO,https://scontent-dfw5-1.cdninstagram.com/o1/v/t2/f2/m82/AQMbFtTRgSFLDyhWEkV0mmnkR9ucmy1TXbMoh__aTAnEhDqwg-3eGtVUDZ-50sr3Z8t3ay9hoW19vm1V5sRUHsuPhRtpO4mYQCJ-g0Y.mp4?_nc_cat=103&_nc_sid=5e9851&_nc_ht=scontent-dfw5-1.cdninstagram.com&_nc_ohc=G5OfWcep7JwQ7kNvgHO5oA_&efg=eyJ2ZW5jb2RlX3RhZyI6Inhwdl9wcm9ncmVzc2l2ZS5JTlNUQUdSQU0uQ0xJUFMuQzMuNDgwLmRhc2hfYmFzZWxpbmVfMV92MSIsInhwdl9hc3NldF9pZCI6ODc1OTczOTI0MTQ2MzE1LCJhc3NldF9hZ2VfZGF5cyI6NTEyLCJ2aV91c2VjYXNlX2lkIjoxMDA5OSwiZHVyYXRpb25fcyI6MTcsInVybGdlbl9zb3VyY2UiOiJ3d3cifQ%3D%3D&ccb=17-1&vs=6dab70bf342968ed&_nc_vs=HBksFQIYT2lnX3hwdl9yZWVsc19wZXJtYW5lbnRfcHJvZC9FRDQ4MkY5NzYzMjQzRDYzMEI2RTZGQzVGRTY5RUJBMF92aWRlb19kYXNoaW5pdC5tcDQVAALIAQAVAhg6cGFzc3Rocm91Z2hfZXZlcnN0b3JlL0dJWGpjeGVNZ0d5UEd6Z0JBTGxWbExYSThpeHNicV9FQUFBRhUCAsgBACgAGAAbAogHdXNlX29pbAExEnByb2dyZXNzaXZlX3JlY2lwZQExFQAAJpaypqmyrI4DFQIoAkMzLBdAMSAAAAAAABgSZGFzaF9iYXNlbGluZV8xX3YxEQB1_gcA&_nc_zt=28&oh=00_AYFTR8mpYwvDw9ZQZjtKxG3wrPhwLauoJThxcIyIuTbrHQ&oe=67D54DD0,2023-10-18 18:47:22+00:00,17,1,
18019869181768074,CAROUSEL_ALBUM,https://scontent-dfw5-1.cdninstagram.com/v/t51.29350-15/387707136_6727782517298455_61723615183000505_n.jpg?stp=dst-jpg_e35_tt6&_nc_cat=101&ccb=1-7&_nc_sid=18de74&_nc_ohc=0LVBzMXW2uEQ7kNvgF-WvgH&_nc_oc=AdgRB4FMC1YacKjCQHnkUjhEwv077o43XP0WX4kPQKPb2MHqP16Zc25bIAkp-w7uyNQ&_nc_zt=23&_nc_ht=scontent-dfw5-1.cdninstagram.com&edm=ANo9K5cEAAAA&_nc_gid=aVFASbtsiFldC2-fnHZlhQ&oh=00_AYHF3kF8QZlTuH5LaH-SqIjksaX0xyQtZq5Kz0KeUoufVw&oe=67D93D30,2023-10-10 17:29:54+00:00,20,0,"{'data': [{'media_type': 'IMAGE', 'id': '17844611619080649'}, {'media_type': 'IMAGE', 'id': '17993759669203006'}, {'media_type': 'IMAGE', 'id': '18393034534032906'}, {'media_type': 'IMAGE', 'id': '18068646187425910'}, {'media_type': 'IMAGE', 'id': '17996579450490924'}, {'media_type': 'IMAGE', 'id': '17998345364483500'}, {'media_type': 'IMAGE', 'id': '18030928498617880'}, {'media_type': 'IMAGE', 'id': '18034043695605106'}, {'media_type': 'IMAGE', 'id': '18015707974868112'}, {'media_type': 'IMAGE', 'id': '18016987852854222'}]}"
17967104897514307,IMAGE,https://scontent-dfw5-1.cdninstagram.com/v/t51.29350-15/341993913_1593957411080286_4325671938492349977_n.jpg?stp=dst-jpg_e35_tt6&_nc_cat=103&ccb=1-7&_nc_sid=18de74&_nc_ohc=rLs3w3_cytYQ7kNvgF9gwQW&_nc_oc=Adj3lCE4Lc50IzkJDFnlLlCQSXvl2DegQnOQ6bnpYH7QgP__whUxZ54proKK0CKJ_tM&_nc_zt=23&_nc_ht=scontent-dfw5-1.cdninstagram.com&edm=ANo9K5cEAAAA&_nc_gid=aVFASbtsiFldC2-fnHZlhQ&oh=00_AYFABNxA66b8SVrVs09n6WC5RcnfZQxEwfVw2ktf2SknqA&oe=67D930FB,2023-04-20 02:02:58+00:00,19,1,
17908421057508766,VIDEO,https://scontent-dfw5-2.cdninstagram.com/o1/v/t2/f2/m86/AQPD3rxv7RJ-knQynTS_qy_VuSjkgAvhj9zQUPsMFGHWA_MCjXaNlwCT6oRcu0oaijPHX75nSeOSejWzECtStfTFIgTibJK2xBzxu_M.mp4?_nc_cat=107&_nc_sid=5e9851&_nc_ht=scontent-dfw5-2.cdninstagram.com&_nc_ohc=WRgbbG0qACEQ7kNvgFINiv7&efg=eyJ2ZW5jb2RlX3RhZyI6Inhwdl9wcm9ncmVzc2l2ZS5JTlNUQUdSQU0uQ0xJUFMuQzMuNDgwLmRhc2hfYmFzZWxpbmVfMV92MSIsInhwdl9hc3NldF9pZCI6NjE1NDA4MjgyODU2MTcyLCJhc3NldF9hZ2VfZGF5cyI6MTEzNiwidmlfdXNlY2FzZV9pZCI6MTAwOTksImR1cmF0aW9uX3MiOjE0LCJ1cmxnZW5fc291cmNlIjoid3d3In0%3D&ccb=17-1&vs=4ae9acb3da2fee6e&_nc_vs=HBksFQIYUmlnX3hwdl9yZWVsc19wZXJtYW5lbnRfc3JfcHJvZC9ENDRGN0U3ODA3MTMwMTNEREE0QkMyNTg1NkM5OTVBRV92aWRlb19kYXNoaW5pdC5tcDQVAALIAQAVAhg6cGFzc3Rocm91Z2hfZXZlcnN0b3JlL0dDNmZSeENvZzZWNmtYWURBTXFpYWp1cm8xcFlicV9FQUFBRhUCAsgBACgAGAAbAogHdXNlX29pbAExEnByb2dyZXNzaXZlX3JlY2lwZQExFQAAJtiru4G97ZcCFQIoAkMzLBdALVT987ZFohgSZGFzaF9iYXNlbGluZV8xX3YxEQB1_gcA&_nc_zt=28&oh=00_AYFe1ditRFbJLj504R8l3PhjhZjB2oYWCyZ6A7LbzfvPFg&oe=67D55F48,2022-02-01 02:47:30+00:00,57,4,
17922524291097597,CAROUSEL_ALBUM,https://scontent-dfw5-1.cdninstagram.com/v/t51.29350-15/271279035_657893482005341_839463714157661212_n.jpg?stp=dst-jpg_e35_tt6&_nc_cat=111&ccb=1-7&_nc_sid=18de74&_nc_ohc=0IRekn8bS9MQ7kNvgEmuoJf&_nc_oc=AdjtquRexZQG1fkT5mktMzVPU0UIRnCtebW6uCqp-Ez5nraspobZ5Uq00BahQYnoSss&_nc_zt=23&_nc_ht=scontent-dfw5-1.cdninstagram.com&edm=ANo9K5cEAAAA&_nc_gid=aVFASbtsiFldC2-fnHZlhQ&oh=00_AYFMhfb9PXBQnwsRK_sWWsCjMEt2aLVzcv-rXF5MmNHZMA&oe=67D93329,2022-01-04 18:04:14+00:00,61,1,"{'data': [{'media_type': 'IMAGE', 'id': '17858731253672173'}, {'media_type': 'IMAGE', 'id': '18259459957069315'}]}"
17981436058433265,IMAGE,https://scontent-dfw5-1.cdninstagram.com/v/t51.29350-15/262431097_1252381475280748_3347159372718387025_n.jpg?stp=dst-jpg_e35_tt6&_nc_cat=105&ccb=1-7&_nc_sid=18de74&_nc_ohc=0fYpEqdEqy4Q7kNvgF6TuZ8&_nc_oc=AdhFZ2M7erUFZITSNKEkiXcsGkUQhG5Ch6zwxFW6P1SU4Q7SGu6QcbBGg9zYRHwB2s0&_nc_zt=23&_nc_ht=scontent-dfw5-1.cdninstagram.com&edm=ANo9K5cEAAAA&_nc_gid=aVFASbtsiFldC2-fnHZlhQ&oh=00_AYFVt7TNztjUC_Up0lXALEdgoDJtha3S51-W-3wwMf46gg&oe=67D95E45,2021-11-30 11:43:00+00:00,83,5,
17917204127084150,IMAGE,https://scontent-dfw5-2.cdninstagram.com/v/t51.29350-15/258195944_265860932227372_664899763607130688_n.jpg?stp=dst-jpg_e35_tt6&_nc_cat=106&ccb=1-7&_nc_sid=18de74&_nc_ohc=vTBnoyPqMqMQ7kNvgG-d1U7&_nc_oc=Adh65xyCCQlNc2QH83ogw__Bq8zzedTU5a1FXFVaxNYVGNa_4tG4NZla1a3GlZB_4nQ&_nc_zt=23&_nc_ht=scontent-dfw5-2.cdninstagram.com&edm=ANo9K5cEAAAA&_nc_gid=aVFASbtsiFldC2-fnHZlhQ&oh=00_AYFjSpLu9lUeeg7KHeo9NHjxnM8cqF4CdXG95I9XoxXEBQ&oe=67D9614B,2021-11-15 15:35:26+00:00,86,2,
18141507886168282,IMAGE,https://scontent-dfw5-2.cdninstagram.com/v/t51.29350-15/234530060_547156426630764_6569898495509859256_n.jpg?stp=dst-jpg_e35_tt6&_nc_cat=104&ccb=1-7&_nc_sid=18de74&_nc_ohc=SuazniNeHbYQ7kNvgHwSfys&_nc_oc=AdhAUAE023hP9L0SkcXuvyRT0Iyog_rQfaVSUzYUmOSOKaOHUXYxBCwMJ7bfSj5Dwic&_nc_zt=23&_nc_ht=scontent-dfw5-2.cdninstagram.com&edm=ANo9K5cEAAAA&_nc_gid=aVFASbtsiFldC2-fnHZlhQ&oh=00_AYHXkuzPEGSodeYSGrM5F1pAw1JIJdGNamEmHAsJ06lZ3g&oe=67D93280,2021-08-10 03:11:23+00:00,34,7,
17889895994234522,CAROUSEL_ALBUM,https://scontent-dfw5-2.cdninstagram.com/v/t51.29350-15/226735997_415926293102894_2697695769803238917_n.jpg?stp=dst-jpg_e35_tt6&_nc_cat=109&ccb=1-7&_nc_sid=18de74&_nc_ohc=W2Zaizh1ATQQ7kNvgG-Az5y&_nc_oc=AdirUc-1PiC10cmBHuOCgdPbctdSxRzhrVFN3umydI1wqoYVaY13sUHzkVbVNFRRuIU&_nc_zt=23&_nc_ht=scontent-dfw5-2.cdninstagram.com&edm=ANo9K5cEAAAA&_nc_gid=aVFASbtsiFldC2-fnHZlhQ&oh=00_AYFKvbuhxIedJHaxLNkhg7rGY_VPN8pKP-12VHkeySJzXg&oe=67D92AE3,2021-07-30 02:55:34+00:00,68,3,"{'data': [{'media_type': 'IMAGE', 'id': '17875950767447513'}, {'media_type': 'IMAGE', 'id': '18008796823333961'}]}"
17931900532560433,IMAGE,https://scontent-dfw5-2.cdninstagram.com/v/t51.29350-15/199059665_347815146674847_6620434581541017337_n.jpg?stp=dst-jpg_e35_tt6&_nc_cat=100&ccb=1-7&_nc_sid=18de74&_nc_ohc=LUPHzOT1CiUQ7kNvgHuYuk4&_nc_oc=AdgnqPfJSx6xCvZAhQd5nl-m_SDDtwgBRPVFuLHTVC8OtwP--t1pUDUWdz0fSeu2gcc&_nc_zt=23&_nc_ht=scontent-dfw5-2.cdninstagram.com&edm=ANo9K5cEAAAA&_nc_gid=aVFASbtsiFldC2-fnHZlhQ&oh=00_AYFTotwlq1G-tH04UMxWzt6aAeCx0decsUg6FCHplhsYsQ&oe=67D9338E,2021-06-11 02:44:55+00:00,30,3,
18232489648021133,IMAGE,https://scontent-dfw5-2.cdninstagram.com/v/t51.29350-15/195886677_2913162048924666_7902669157523685642_n.jpg?stp=dst-jpg_e35_tt6&_nc_cat=107&ccb=1-7&_nc_sid=18de74&_nc_ohc=tffSZNoI32kQ7kNvgGimuBh&_nc_oc=AdiV7gSRt6yNxB6jF6eejNitHorvdRlbLR-1Bg2i3hKDPp9CPq_jfDnlI1W-H7SFO8c&_nc_zt=23&_nc_ht=scontent-dfw5-2.cdninstagram.com&edm=ANo9K5cEAAAA&_nc_gid=aVFASbtsiFldC2-fnHZlhQ&oh=00_AYH6EL2tfJnScAe0WTBRL1JfTc4gesiSjS9uKfFbS3EQUw&oe=67D95B36,2021-06-05 01:58:02+00:00,24,1,
17913868804685742,IMAGE,https://scontent-dfw5-2.cdninstagram.com/v/t51.29350-15/173190616_272928024494791_6956385476790104049_n.jpg?stp=dst-jpg_e35_tt6&_nc_cat=104&ccb=1-7&_nc_sid=18de74&_nc_ohc=M454eq8S6wkQ7kNvgF_3mti&_nc_oc=AdgmgT4IVgm-dh10RAD8ZCTZ9SW_JNNadWrYfO-i_dJ66Hdpqxt_VC4k6TceHLAkQ2c&_nc_zt=23&_nc_ht=scontent-dfw5-2.cdninstagram.com&edm=ANo9K5cEAAAA&_nc_gid=aVFASbtsiFldC2-fnHZlhQ&oh=00_AYHZRcVDB-4jwFJYgfxWMpUguoOLus2SR0yS5wP_19AKog&oe=67D946D9,2021-04-16 11:13:07+00:00,27,0,
18141285826194722,CAROUSEL_ALBUM,https://scontent-dfw5-2.cdninstagram.com/v/t51.29350-15/165707360_439927613965670_3511787080582346336_n.jpg?stp=dst-jpg_e35_tt6&_nc_cat=100&ccb=1-7&_nc_sid=18de74&_nc_ohc=ScHSGVkRvksQ7kNvgHcb2K4&_nc_oc=AdherJq34WGIIMcouSFiu5JFq8JCgGsUmtP1wNF0njUJ6VHopYVh1wv5rsV3JQ5NZpI&_nc_zt=23&_nc_ht=scontent-dfw5-2.cdninstagram.com&edm=ANo9K5cEAAAA&_nc_gid=aVFASbtsiFldC2-fnHZlhQ&oh=00_AYFCIL_IvnHABt3BQ71M1LMadkyCPi-IzzfBxcAj4uhbnw&oe=67D9350B,2021-03-30 01:32:39+00:00,25,0,"{'data': [{'media_type': 'IMAGE', 'id': '18171823225097338'}, {'media_type': 'IMAGE', 'id': '17893654579974392'}]}"
17872081946290255,CAROUSEL_ALBUM,https://scontent-dfw5-2.cdninstagram.com/v/t51.29350-15/164962083_465243758253249_220814366183009512_n.jpg?stp=dst-jpg_e35_tt6&_nc_cat=106&ccb=1-7&_nc_sid=18de74&_nc_ohc=P8rKzdKjQMEQ7kNvgFf2RJZ&_nc_oc=Adhz-dW6zulzuOAsF1Z-eN2oO9rMzYTnH7HF9-ogQBlgroFY_WTP73VcEzW5gBTW6Pk&_nc_zt=23&_nc_ht=scontent-dfw5-2.cdninstagram.com&edm=ANo9K5cEAAAA&_nc_gid=aVFASbtsiFldC2-fnHZlhQ&oh=00_AYHC6R37VM7-Xbf8yI31-vnTAcELQnafzOI8EjItaLzcsg&oe=67D95A50,2021-03-28 03:29:15+00:00,34,1,"{'data': [{'media_type': 'IMAGE', 'id': '17895486127895315'}, {'media_type': 'IMAGE', 'id': '17896777096901457'}]}"
18199416766044659,IMAGE,https://scontent-dfw5-1.cdninstagram.com/v/t51.29350-15/158582251_762440131051557_6223493345195024864_n.jpg?stp=dst-jpg_e35_tt6&_nc_cat=101&ccb=1-7&_nc_sid=18de74&_nc_ohc=crVCdx_ABZwQ7kNvgGucrAJ&_nc_oc=AdheUuA_Z8vBuACQH57gM2vuYPrD7qPefXGE8svpyfr8FrIRHKsK1Z1EFiSyTand_dg&_nc_zt=23&_nc_ht=scontent-dfw5-1.cdninstagram.com&edm=ANo9K5cEAAAA&_nc_gid=aVFASbtsiFldC2-fnHZlhQ&oh=00_AYFQvuS3J8iy_V3HMCOYv3jG5V8OG-aAcbYJb7doLTXR9w&oe=67D9519A,2021-03-08 23:36:17+00:00,18,0,
17876144852130619,IMAGE,https://scontent-dfw5-2.cdninstagram.com/v/t51.29350-15/151035751_733946784155811_7926933862501801107_n.jpg?stp=dst-jpg_e35_tt6&_nc_cat=100&ccb=1-7&_nc_sid=18de74&_nc_ohc=4w2yvGMukO0Q7kNvgGQi2G9&_nc_oc=Adhp3LHWA-O80ZnQ09phGliGY7gQlSwMzL4wSFlplLfjJJXmkNJqpOWN2cxwGlLkNUY&_nc_zt=23&_nc_ht=scontent-dfw5-2.cdninstagram.com&edm=ANo9K5cEAAAA&_nc_gid=mdDvYYh-1cwbJ6Uk0p-0yw&oh=00_AYHuFQ3eFxaYhzfKRRtWiRMBDXc5Y9tLjgLghYDyLgfpig&oe=67D95228,2021-02-16 17:26:33+00:00,52,12,
18159146218097795,IMAGE,https://scontent-dfw5-1.cdninstagram.com/v/t51.29350-15/146300256_172792540974785_5400969906675698963_n.jpg?stp=dst-jpg_e35_tt6&_nc_cat=111&ccb=1-7&_nc_sid=18de74&_nc_ohc=L1OcQ9G07goQ7kNvgEa4JvB&_nc_oc=AdhBIdw_najMn7-o7m1ktsldA5G_uzmrwKkeiwThTSUYktl8C56RuLhT7tSsRGXVViI&_nc_zt=23&_nc_ht=scontent-dfw5-1.cdninstagram.com&edm=ANo9K5cEAAAA&_nc_gid=mdDvYYh-1cwbJ6Uk0p-0yw&oh=00_AYH3MJQE8E11qYP_3DQttZsjnYve-TFB4hpTbtdxh7nU7A&oe=67D92F26,2021-02-06 16:11:16+00:00,28,1,
17872101026197896,IMAGE,https://scontent-dfw5-2.cdninstagram.com/v/t51.29350-15/144023504_239052024380862_3122702572826634801_n.jpg?stp=dst-jpg_e35_tt6&_nc_cat=107&ccb=1-7&_nc_sid=18de74&_nc_ohc=IMr2lb7M8TwQ7kNvgEMqrdh&_nc_oc=AdgeCV9YOKE4E3hn583zZ4-J-tMKKBs-_x9Jmgkx5JbNevwWjIKPrIfhPCDkSUJ6Q5c&_nc_zt=23&_nc_ht=scontent-dfw5-2.cdninstagram.com&edm=ANo9K5cEAAAA&_nc_gid=mdDvYYh-1cwbJ6Uk0p-0yw&oh=00_AYE9NclkZYaRDlT8qPxXEdInSzTlq2L7OIGWJJvM65JqYg&oe=67D930FA,2021-01-28 03:24:08+00:00,28,0,
17884748881942030,CAROUSEL_ALBUM,https://scontent-dfw5-1.cdninstagram.com/v/t51.29350-15/133851893_832798607570586_6262014912335427444_n.jpg?stp=dst-jpg_e35_tt6&_nc_cat=111&ccb=1-7&_nc_sid=18de74&_nc_ohc=mJukdkwbhNYQ7kNvgEB3Tyh&_nc_oc=AdgyWkOlGsI5_eXeo8-qzl52E0GUiQ7zHdmEVj4DfW_DgSBAvoJ-ATBeDD92ko4DGtc&_nc_zt=23&_nc_ht=scontent-dfw5-1.cdninstagram.com&edm=ANo9K5cEAAAA&_nc_gid=mdDvYYh-1cwbJ6Uk0p-0yw&oh=00_AYHzyR-h3Kw7FaquQVnE_I121FPhgLe26iz3EePav8fWAw&oe=67D95C9B,2020-12-30 23:02:38+00:00,21,0,"{'data': [{'media_type': 'IMAGE', 'id': '17886027757908204'}, {'media_type': 'IMAGE', 'id': '17909928322579278'}]}"
18085713004238886,IMAGE,https://scontent-dfw5-2.cdninstagram.com/v/t51.29350-15/133748781_237429574567418_894717539904413454_n.jpg?stp=dst-jpg_e35_tt6&_nc_cat=108&ccb=1-7&_nc_sid=18de74&_nc_ohc=OGNbFVmjyXYQ7kNvgEQV2TZ&_nc_oc=AdjcMPqcoMw4xSlQoKPBvTcdx6dKktMCD_h--yARxHGtkeg9fI4rzJJx68SMrAR1ZIA&_nc_zt=23&_nc_ht=scontent-dfw5-2.cdninstagram.com&edm=ANo9K5cEAAAA&_nc_gid=mdDvYYh-1cwbJ6Uk0p-0yw&oh=00_AYE3W8H0ZmBvd6Km9Lz8G4B8G8TSb803MdhIinkG9utu_w&oe=67D94ABE,2020-12-30 22:57:32+00:00,40,2,
17879012987047114,IMAGE,https://scontent-dfw5-1.cdninstagram.com/v/t51.29350-15/134140620_160927222037538_4616285806190251924_n.jpg?stp=dst-jpg_e35_tt6&_nc_cat=110&ccb=1-7&_nc_sid=18de74&_nc_ohc=nhI_hUnjkg8Q7kNvgFvbynj&_nc_oc=AdhozND1-g_-RPhSOq9dqSRwmG7irOE0GELuUXM-m5DjHJbRop5gowWS9k4jMgtqRRM&_nc_zt=23&_nc_ht=scontent-dfw5-1.cdninstagram.com&edm=ANo9K5cEAAAA&_nc_gid=mdDvYYh-1cwbJ6Uk0p-0yw&oh=00_AYGYf-ZvavQC1ghinTDOTn_4nmSI7NaSHBXW-6rZe5knTA&oe=67D93F82,2020-12-30 22:56:21+00:00,8,0,
18174581152068870,CAROUSEL_ALBUM,https://scontent-dfw5-1.cdninstagram.com/v/t51.29350-15/133574266_194845455684250_5368203293918635574_n.jpg?stp=dst-jpg_e35_tt6&_nc_cat=103&ccb=1-7&_nc_sid=18de74&_nc_ohc=cEaI3oaPBHcQ7kNvgHN_xkU&_nc_oc=Adg8Cb-m0t5t3vykId3mSpCJ_Rs_DWCVPKLNehADQIA79Wmgu2Dy5-B9qIutP0VdgFY&_nc_zt=23&_nc_ht=scontent-dfw5-1.cdninstagram.com&edm=ANo9K5cEAAAA&_nc_gid=mdDvYYh-1cwbJ6Uk0p-0yw&oh=00_AYFgqTZzuhVPUT2_kbgl5m3hd2RVBJdqAMuPqa_gROITiA&oe=67D92D97,2020-12-30 22:51:16+00:00,54,7,"{'data': [{'media_type': 'IMAGE', 'id': '17890994671811337'}, {'media_type': 'IMAGE', 'id': '17872847582144354'}, {'media_type': 'IMAGE', 'id': '17864468399318250'}]}"
17934700834450201,CAROUSEL_ALBUM,https://scontent-dfw5-2.cdninstagram.com/v/t51.29350-15/134270408_416972386296336_8674718771179591502_n.jpg?stp=dst-jpg_e35_tt6&_nc_cat=109&ccb=1-7&_nc_sid=18de74&_nc_ohc=6M8jAxzD3NcQ7kNvgGmuicG&_nc_oc=Adgc1yR7ok4WpTn5MNN1QL50APePsohgVfrsQ0uwl2qGRSaPac5jmrtBpxTLnqD2Sow&_nc_zt=23&_nc_ht=scontent-dfw5-2.cdninstagram.com&edm=ANo9K5cEAAAA&_nc_gid=mdDvYYh-1cwbJ6Uk0p-0yw&oh=00_AYEtbPg3f0BsfFsFgBPwKfrIVMUl8pzik-42cI95kPY-YA&oe=67D94D6F,2020-12-30 22:48:17+00:00,24,4,"{'data': [{'media_type': 'IMAGE', 'id': '17861714843305614'}, {'media_type': 'IMAGE', 'id': '17880129707015569'}, {'media_type': 'IMAGE', 'id': '17876411087092091'}]}"
17876375006092832,IMAGE,https://scontent-dfw5-2.cdninstagram.com/v/t51.29350-15/133897473_1201199526974073_8059477692107658379_n.jpg?stp=dst-jpg_e35_tt6&_nc_cat=104&ccb=1-7&_nc_sid=18de74&_nc_ohc=QRe7SZZUWxoQ7kNvgGtdWkC&_nc_oc=AdiRziu3yodayLZgW72g9PaDL2Zt3_FcxJr2Lhgw2DDwWIjKNdArOP4kJ6XpV6KU0VE&_nc_zt=23&_nc_ht=scontent-dfw5-2.cdninstagram.com&edm=ANo9K5cEAAAA&_nc_gid=mdDvYYh-1cwbJ6Uk0p-0yw&oh=00_AYEw7w8G4BZ1pHSuro-efE5oN73o6AQ0lkpu1nE_77ZnrA&oe=67D92CCC,2020-12-30 21:53:26+00:00,33,2,
17966553907363993,CAROUSEL_ALBUM,https://scontent-dfw5-1.cdninstagram.com/v/t51.29350-15/134452659_250562559824094_2974900507952452472_n.jpg?stp=dst-jpg_e35_tt6&_nc_cat=103&ccb=1-7&_nc_sid=18de74&_nc_ohc=YhXSoHj1IogQ7kNvgHHqlB6&_nc_oc=AdiNAcq40P1IQJhTsP2lfHyEMss34uWnDitvk5azLQr7wH6-R5LERvs9mpnT3IBHrwo&_nc_zt=23&_nc_ht=scontent-dfw5-1.cdninstagram.com&edm=ANo9K5cEAAAA&_nc_gid=mdDvYYh-1cwbJ6Uk0p-0yw&oh=00_AYFaXaOLIO08hEw9cnaBthHp74JtEg0eXYWgot2pv9-dGQ&oe=67D95FD4,2020-12-30 21:41:37+00:00,29,0,"{'data': [{'media_type': 'IMAGE', 'id': '17984093176323147'}, {'media_type': 'IMAGE', 'id': '17892080569783697'}, {'media_type': 'IMAGE', 'id': '18063658249262162'}]}"
17899534939694257,IMAGE,https://scontent-dfw5-1.cdninstagram.com/v/t51.29350-15/133699251_1519348764935213_7085997692309339237_n.jpg?stp=dst-jpg_e35_tt6&_nc_cat=103&ccb=1-7&_nc_sid=18de74&_nc_ohc=w3my3bXBkAsQ7kNvgHPP90A&_nc_oc=AdggeiRkjqJPO9BmTDpLQmRrsfj8xYESEC9tGzG64kVHBgXzr0FB8JutqQGg99hKqCU&_nc_zt=23&_nc_ht=scontent-dfw5-1.cdninstagram.com&edm=ANo9K5cEAAAA&_nc_gid=mdDvYYh-1cwbJ6Uk0p-0yw&oh=00_AYH414OyumDGGaAsYawl_xveRQo5rPH0JXdc-CSSWzDyrg&oe=67D943E0,2020-12-30 19:45:28+00:00,32,0,
17856789758387160,IMAGE,https://scontent-dfw5-2.cdninstagram.com/v/t51.29350-15/133867371_1325746901106317_8397159367403347425_n.jpg?stp=dst-jpg_e35_tt6&_nc_cat=109&ccb=1-7&_nc_sid=18de74&_nc_ohc=EyBX_NyafrYQ7kNvgG8s0Pt&_nc_oc=AdgLBkFwAQPZlcIe-3NjxnE1FoTvy56xsmgNsKBJuJsSisgiecMUkM1FjAfuQCejOvI&_nc_zt=23&_nc_ht=scontent-dfw5-2.cdninstagram.com&edm=ANo9K5cEAAAA&_nc_gid=mdDvYYh-1cwbJ6Uk0p-0yw&oh=00_AYEHbjJTc7LPKWNyT8hbREQw5S6j-g8K3kf3J7isTWwrXw&oe=67D93E48,2020-12-30 19:44:26+00:00,13,0,
17883287314955196,CAROUSEL_ALBUM,https://scontent-dfw5-2.cdninstagram.com/v/t51.29350-15/134497624_410582163585048_7660475658330512357_n.jpg?stp=dst-jpg_e35_tt6&_nc_cat=100&ccb=1-7&_nc_sid=18de74&_nc_ohc=1yJwtehZKlQQ7kNvgG75E6N&_nc_oc=AdhGRvAkYafyPBiMn0TlTAQWfogCMjnFfWpCZRfVe2FZ4qgqitqTTOXB7X--FF0KmIo&_nc_zt=23&_nc_ht=scontent-dfw5-2.cdninstagram.com&edm=ANo9K5cEAAAA&_nc_gid=mdDvYYh-1cwbJ6Uk0p-0yw&oh=00_AYFo6HNsL8Y1L_OYxRNesasn-Ngg1yiumWccv3NTuTaRbA&oe=67D9415A,2020-12-30 19:44:01+00:00,22,0,"{'data': [{'media_type': 'IMAGE', 'id': '17893201876823258'}, {'media_type': 'IMAGE', 'id': '17867659769236095'}, {'media_type': 'IMAGE', 'id': '17921496781489614'}]}"
17909434483589028,CAROUSEL_ALBUM,https://scontent-dfw5-1.cdninstagram.com/v/t51.29350-15/133925194_216058676787728_1047452724504420512_n.jpg?stp=dst-jpg_e35_tt6&_nc_cat=111&ccb=1-7&_nc_sid=18de74&_nc_ohc=XLIcT5V0PgMQ7kNvgGxiWis&_nc_oc=AdhbHHxYe-cxrxxc1Bq4KfMeSRVqfcotqF6cwT_Lh-zK7FD2segvCYdggDThrAZ131s&_nc_zt=23&_nc_ht=scontent-dfw5-1.cdninstagram.com&edm=ANo9K5cEAAAA&_nc_gid=mdDvYYh-1cwbJ6Uk0p-0yw&oh=00_AYHlFGoIsPDLukgT1cgPYYG1eYJU-G0EECH8vQPEOYzDZg&oe=67D94559,2020-12-30 19:31:04+00:00,29,0,"{'data': [{'media_type': 'IMAGE', 'id': '17863992254258743'}, {'media_type': 'IMAGE', 'id': '17860474904340163'}]}"
18134937811132326,IMAGE,https://scontent-dfw5-2.cdninstagram.com/v/t51.29350-15/133857474_450278855967846_4616118636995105086_n.jpg?stp=dst-jpg_e35_tt6&_nc_cat=100&ccb=1-7&_nc_sid=18de74&_nc_ohc=Qt8PzKRwYpgQ7kNvgHUgPem&_nc_oc=Adg4fcmJpgovI6yUd4H75yjOm6Z7MFYsjj0PvTmlhxoV14EUFKKQuw_mZAiJ3qPPWQM&_nc_zt=23&_nc_ht=scontent-dfw5-2.cdninstagram.com&edm=ANo9K5cEAAAA&_nc_gid=mdDvYYh-1cwbJ6Uk0p-0yw&oh=00_AYGalfkEmI6TnV6R75GqStBI0j6G9wA101asiXcVvVLF4A&oe=67D94594,2020-12-30 19:08:49+00:00,36,0,
17954485693384847,CAROUSEL_ALBUM,https://scontent-dfw5-1.cdninstagram.com/v/t51.29350-15/134292603_145070400720882_9101619578490762213_n.jpg?stp=dst-jpg_e35_tt6&_nc_cat=105&ccb=1-7&_nc_sid=18de74&_nc_ohc=OiXvhcx1FDIQ7kNvgGkvtMN&_nc_oc=Adg6RoPZeltLUzBl8i6z05bTl_2Tl5va4UCX05wxG91dW4DsMLx5aMTzvCsXplc_gnE&_nc_zt=23&_nc_ht=scontent-dfw5-1.cdninstagram.com&edm=ANo9K5cEAAAA&_nc_gid=mdDvYYh-1cwbJ6Uk0p-0yw&oh=00_AYE2Fu_TTS6Fzju21hSz1E_Ug6hQB5o91OWxsMIUciqU5A&oe=67D94251,2020-12-30 19:06:02+00:00,15,0,"{'data': [{'media_type': 'IMAGE', 'id': '17935237936445653'}, {'media_type': 'IMAGE', 'id': '17865578585308547'}]}"
17871449855173314,CAROUSEL_ALBUM,https://scontent-dfw5-2.cdninstagram.com/v/t51.29350-15/133729639_229524008778203_15943032271492133_n.jpg?stp=dst-jpg_e35_tt6&_nc_cat=107&ccb=1-7&_nc_sid=18de74&_nc_ohc=GBXFv5ocTpEQ7kNvgGdwDTE&_nc_oc=AdgAL5eb1NeoZEzAA8zVvTMr5xr0cJDZscd5yJEJoEFZviESqhHeFJn2C_HuOa-Y6Zg&_nc_zt=23&_nc_ht=scontent-dfw5-2.cdninstagram.com&edm=ANo9K5cEAAAA&_nc_gid=mdDvYYh-1cwbJ6Uk0p-0yw&oh=00_AYH-i27ETqp-6jSaGJR1G6n_Ui_9n1aZgKT4MmtKQKg-YA&oe=67D95129,2020-12-30 19:04:44+00:00,23,0,"{'data': [{'media_type': 'IMAGE', 'id': '17906053522601676'}, {'media_type': 'IMAGE', 'id': '18130654639146517'}]}"
17891398762796531,CAROUSEL_ALBUM,https://scontent-dfw5-1.cdninstagram.com/v/t51.29350-15/134987715_422889419144705_7587281867720640383_n.jpg?stp=dst-jpg_e35_tt6&_nc_cat=101&ccb=1-7&_nc_sid=18de74&_nc_ohc=IP9JfLXEXmUQ7kNvgFilal1&_nc_oc=AdgJK625JRrbN8OgF5_FhIbEJVpTTQ97vkOUqyxmffNb5kKzgHsaomgW3o9FB70l7BQ&_nc_zt=23&_nc_ht=scontent-dfw5-1.cdninstagram.com&edm=ANo9K5cEAAAA&_nc_gid=mdDvYYh-1cwbJ6Uk0p-0yw&oh=00_AYHv9a5fRd6XtU-T-6amZtNOmLc-ESwz8U4Rw3CFfwjD0Q&oe=67D945F6,2020-12-30 17:04:32+00:00,19,0,"{'data': [{'media_type': 'IMAGE', 'id': '18067079578254146'}, {'media_type': 'IMAGE', 'id': '17878899467039349'}]}"
17883199030930904,IMAGE,https://scontent-dfw5-2.cdninstagram.com/v/t51.29350-15/133899285_456852395489219_3033024098857297274_n.jpg?stp=dst-jpg_e35_tt6&_nc_cat=102&ccb=1-7&_nc_sid=18de74&_nc_ohc=qnke9P4kJTYQ7kNvgGkre_3&_nc_oc=AdikTg9v5IUSuFLG4k4KmpWOKpOkvAgtqqETGZUt9YeZw6mqO7GV6JSq6v6xRQ4h_9E&_nc_zt=23&_nc_ht=scontent-dfw5-2.cdninstagram.com&edm=ANo9K5cEAAAA&_nc_gid=mdDvYYh-1cwbJ6Uk0p-0yw&oh=00_AYGC9bbdcj7f70c1zorN6LATFg-2AmWQzTO_wY63-kAuSA&oe=67D9488D,2020-12-30 16:48:40+00:00,29,2,
17900847988673840,CAROUSEL_ALBUM,https://scontent-dfw5-1.cdninstagram.com/v/t51.29350-15/133709734_718656465722648_5560075237309044974_n.jpg?stp=dst-jpg_e35_tt6&_nc_cat=101&ccb=1-7&_nc_sid=18de74&_nc_ohc=Qa5VqHMHIYYQ7kNvgF2Wp0Y&_nc_oc=Adi8e2QOxoTktIw8sIj3RPRbH0hwMsmvV__uurr5e5UdvuqSYSiSqef8UelGLY7_q00&_nc_zt=23&_nc_ht=scontent-dfw5-1.cdninstagram.com&edm=ANo9K5cEAAAA&_nc_gid=mdDvYYh-1cwbJ6Uk0p-0yw&oh=00_AYFYHChSzklRHMCJzKKtsOora254i_ki8YaHsKbZfny43A&oe=67D94C6E,2020-12-30 16:45:18+00:00,22,0,"{'data': [{'media_type': 'IMAGE', 'id': '17875351892107412'}, {'media_type': 'IMAGE', 'id': '17917256428517659'}]}"
18051798520265421,IMAGE,https://scontent-dfw5-1.cdninstagram.com/v/t51.29350-15/124520838_368769057535465_8106800619284005045_n.jpg?stp=dst-jpg_e35_tt6&_nc_cat=101&ccb=1-7&_nc_sid=18de74&_nc_ohc=IEZqQVhNsUgQ7kNvgHtKpae&_nc_oc=AdhobwdUrun3mevLvcl1FhxdtKmo3Eev_bbVHUJQKpepqwya4bG7IR1Z4M41UO9kulw&_nc_zt=23&_nc_ht=scontent-dfw5-1.cdninstagram.com&edm=ANo9K5cEAAAA&_nc_gid=mdDvYYh-1cwbJ6Uk0p-0yw&oh=00_AYE18LokkR6v46qoCWTwHy2FUrodJp0z__wDe_XoId0-DQ&oe=67D94A24,2020-11-11 17:26:31+00:00,64,2,
17861297282189367,IMAGE,https://scontent-dfw5-1.cdninstagram.com/v/t51.29350-15/122015667_346792029981591_4135855959975943048_n.jpg?stp=dst-jpg_e35_tt6&_nc_cat=105&ccb=1-7&_nc_sid=18de74&_nc_ohc=jC0dwxtk5xAQ7kNvgH1etzg&_nc_oc=AdjvWx5jg4UiU_HeLGk-G1_X5O4C3lbgod2fVunUOquVMve8cDkomzzCallbErdy6B0&_nc_zt=23&_nc_ht=scontent-dfw5-1.cdninstagram.com&edm=ANo9K5cEAAAA&_nc_gid=mdDvYYh-1cwbJ6Uk0p-0yw&oh=00_AYH0s_wzd38Zl8QZroyywxlLzs_8CvVqh5Zvox3LvNqqwg&oe=67D9452D,2020-10-21 00:56:24+00:00,29,2,
